Filepath,conv_features
bcurelaser.com.png,1
fmlogistic.cz.png,2
synergie.com.png,3
honda-metz.com.png,4
mazda-autohaus-fritsche-grossschoenau.de.png,5
linde-gas.sk.png,6
luminishealthcareers.org.png,7
ovb.ro.png,8
aamcoglendaleoldtown.com.png,9
savethechildren.org.uk.png,10
mazda-autohaus-hamester-hamburg-bergedorf.de.png,11
edenred.com.uy.png,12
aamcoalbuquerque.com.png,13
fluidmasteruk.com.png,14
nestle.se.png,15
toyota-magny.fr.png,16
pkf-dominicana.com.png,17
aamcocatonsvillemd.com.png,9
toyotagocmenturk.com.tr.png,18
subway.com.tw.png,19
stosignature.com.png,20
greatplacetowork.mu.png,21
aamcopottstownpa.com.png,9
servier.com.ar.png,22
veolia.bg.png,23
tanameracoffee.com.png,24
axa.dz.png,25
pkf.com.tr.png,26
mazda-autohaus-hansmann-kassel.de.png,5
servier.ru.png,27
smittysmb.ca.png,28
bakertilly.cl.png,29
crif.hk.png,30
mitsubishielectric.com.cn.png,31
prioritymanagementscotland.co.uk.png,32
sunnybrookprintshop.ca.png,33
affidea.ba.png,34
ibc-solar.co.za.png,35
culliganflint.com.png,36
aquatherm-belux.be.png,37
airbnb.com.ar.png,38
miniso.nc.png,39
bbraun.pk.png,40
aamcoescondido.com.png,9
inductothermhw.com.png,41
veka.fr.png,42
crocs.co.nz.png,43
einhell.hr.png,44
webster.nl.png,45
mazda-autohaus-torp-wilhelmshaven.de.png,11
mazda-autohaus-boehme-lutherstadt-wittenberg.de.png,11
h2oinnovation.mx.png,46
toyotaefe.com.tr.png,18
cdviberica.com.png,47
daikinitalyshop.it.png,48
mitsubishi-motors.com.om.png,49
roca.co.th.png,50
spitexgossau.ch.png,51
kia-guadeloupe.com.png,52
warmupdeutschland.de.png,53
kia.co.sz.png,52
wwf.ro.png,54
toyota.com.co.png,55
julis-sachsenanhalt.de.png,56
toyotaquezonavenue.com.ph.png,57
howdenoze.pl.png,58
abilways.be.png,59
saint-gobain-glass.co.uk.png,60
aamcoredlandsca.com.png,61
daikinqatar.com.png,62
ubicast.tv.png,63
kia-car-center-wismar.de.jpg,64
shimadzu-la.com.png,65
wedos.com.jpg,66
nexi.hr.png,67
spitexrontalplus.ch.png,51
duracell-me.com.png,68
howdenoze.pl.jpg,69
decathlon.cz.png,70
menschenfuermenschen.at.png,71
bbraun.co.uk.png,58
ymcawaycross.com.png,72
jscosccha.com.png,73
nutriciababy.be.png,74
kia-car-center-wismar.de.png,75
pilotpen.eu.png,76
culligangrandisland.com.png,77
funiber.fr.png,78
aamcomanassasva.com.png,9
mazdaofportcharlotte.com.png,79
chicco.com.tw.png,80
wedos.com.png,66
starkey.co.kr.png,81
isover.cz.png,82
kia.pt.png,83
pingusenglish.vn.png,84
reedglobal.com.tr.png,85
ymcachicago.org.png,86
metlife.com.ar.png,87
idealindustries.cn.png,88
gulfoilchina.com.png,89
toyota-rillieux.fr.png,90
airbnb.be.png,38
aamcohagerstownmd.com.png,9
greatplacetowork.com.py.png,21
mercyships.de.png,91
airbnb.ca.png,38
medef-seine-estuaire.fr.png,92
childrenandteendentalfl.com.png,93
besins-healthcare.com.mx.png,94
amnesty.org.ph.png,95
daikin-china.com.cn.png,96
toysrus.pt.png,97
intersport-crestvoland.com.png,98
culligantoledo.com.png,99
pragroup.se.png,100
anadolumedicalcenter.al.png,101
medef-htcis.com.png,92
trakm8.cz.png,53
melgarcases.com.png,102
stoag.ch.png,103
modshair-koeln-city.de.png,104
tbwa.co.nz.png,105
bizfilings.com.png,106
kia-exner.de.png,107
aamcoabingtonpa.com.png,9
xwiftracingevents.be.png,108
rexel.it.png,109
aamcoscottsdaleroad.com.png,9
sprachschule-aktiv-basel.ch.png,110
soneparthailand.com.png,111
brother.cn.png,112
pilotpen.com.au.png,113
ecochillers.net.png,114
wurth.lk.png,115
pkfea.com.png,116
aamcoanaheim.net.png,9
aamcodovernj.com.png,9
toyota.com.la.png,117
cinnabon.com.tr.png,118
honda.com.hk.png,4
mazda.com.tr.png,119
flashbay.no.png,120
culliganromeo.com.png,99
bbraun.com.vn.png,40
mazda-autohaus-roeser-grossmaischeid.de.png,5
linde-finance.com.png,121
metlife.com.tr.png,87
kiamarin.com.png,122
mazdaofnorthmiami.com.png,79
adeccome.com.png,123
infiniti.com.do.png,124
mazdaoflodi.com.png,125
ccusa.co.nz.png,126
habitatbroward.org.png,127
spie-wirliebenkabel.de.png,128
bakertilly.lu.png,29
kind-der-stadt.at.png,37
bestdrive.pl.png,129
sto-sea.com.png,103
isover.ua.png,130
inductotherm.com.au.png,131
vbh.hr.png,132
spitex-muellheim.ch.png,51
aonhewitt.com.cy.png,133
mazda-autohaus-fenzl-hauzenberg.de.png,11
wurth.co.ke.png,115
worldvision.al.png,134
intersport.sk.png,135
bbraun.ru.png,40
ringcontainers.co.uk.png,136
aamcowestpalmbeach.com.png,9
customneon.com.au.png,137
hertzhn.com.png,138
aamcoclaymontde.com.png,9
medef79.fr.png,92
murrelektronik.sk.png,139
movingstarsinc.com.png,140
reedglobal.bg.png,141
analytik-jena.ru.png,53
ardex.eu.png,142
duracell.in.png,68
catsprotectionshop.co.uk.png,143
axa.com.br.png,25
solatube.com.cn.png,144
saint-gobain.ru.png,145
wurth-international.com.cn.png,53
apolloclinicguwahati.co.in.png,62
kiaofbillings.com.png,146
murrelektronik.ro.png,139
unitecnica-us.com.png,137
aamcoelcajon.com.png,9
bimedasuramerica.com.png,147
africell.ao.png,23
wuerth.co.th.png,53
garminstore.com.br.png,58
astrazeneca.ua.png,148
foxinaboxbrisbane.com.png,149
habitatns.ca.png,150
aamconewwindsor.com.png,9
experian.co.uk.png,23
martinavenueshops.com.png,151
invisalign.co.kr.png,152
kia-crimea.ru.png,64
ford.pl.ua.png,153
mazda-lodz-matsuoka.pl.png,119
bauer-egypt.com.png,154
crif.pl.png,30
subaru.nc.png,155
kalyanmachines.com.png,156
ford.dn.ua.png,153
bioderma.ec.png,53
tchibo.cz.png,157
desjoyaux.com.cn.png,158
mazdabali.co.id.png,5
ebay.fr.png,159
aamcosuffolkva.com.png,9
msd.es.png,160
duracell.pl.png,68
subaru.com.tr.png,161
aamcophoenixcentral.com.png,9
santillana.com.uy.png,162
greatplacetowork.ch.png,21
mazda-service-koch-ludwigsfelde.de.png,11
toyotatokullar.com.tr.png,163
carter-benson.com.png,164
tensar.com.cn.png,165
domcortraffic.ca.png,166
shopee.co.th.png,167
einhell.com.ar.png,44
amway.com.do.png,168
aamcopinevillenc.com.png,13
yonyou.com.hk.png,169
daikinczech.cz.png,170
furuno.gr.png,46
analytik-jena.fr.png,53
aamcoeastmesa.com.png,9
pearsonclinical.com.au.png,171
aamcophilly-frankfordave.com.png,9
zkteco.co.za.png,172
aamcofortlauderdale-dixiehwy.com.png,13
bakertilly.com.ve.png,29
spitex-regiokirchspiel.ch.png,51
mazda-service-metz-marne.de.png,11
mazda-autocentrum-engin-holzminden.de.png,11
orange.sn.png,173
mitsubishielectric.se.png,174
renault-tessenderlo.be.png,175
murrelektronik.es.png,139
lindt.dk.png,176
hertz.am.png,177
siiora.org.png,172
aamcohightstownnj.com.png,9
statkraft.com.br.png,178
culliganchampaign.com.png,36
remaxcrystal.com.png,179
julis-mfr.de.png,180
sonepar.com.sg.png,111
nestle.do.png,15
boschautoparts.com.png,181
engie.nl.png,182
equans.hu.png,23
adecco.com.vn.png,123
mazda.de.png,183
svnnc.com.png,184
bbraun.ph.png,40
nordicpharma.it.png,53
linde-gas.fi.png,121
kiaofabilene.com.png,185
linde-gas.ee.png,121
thebodyshop.ee.png,186
intersport.si.png,187
mazda-autohaus-hansmann-melsungen.de.png,11
bonprix.fi.png,107
secureparking.com.lb.png,188
vkf-renzel.cz.png,75
thebodyshop.fi.png,186
toyotaaydogan.com.tr.png,55
medicover.de.png,189
starbucks.in.png,190
shimadzumea.com.png,191
mazda-autohaus-gerhard-figge-waldeck-hoeringhausen.de.png,5
toyota.ae.png,192
carglass.ma.png,193
cdlcampina.org.br.png,194
budget.com.do.png,23
medef-seineetmarne.fr.png,92
attijariwafabank.com.eg.png,195
orange.co.bw.png,173
remax-go.com.ar.png,196
einhell.de.png,44
mazda-poznan-voyager.pl.png,183
aamcoconyersga.com.png,9
mateco.bg.png,197
tts-group.at.jpg,198
cfmoto.com.br.png,16
aamcogreensburgpa.com.png,199
jungheinrich.cn.png,200
honda-larochelle.com.png,4
bbraun.com.ar.png,40
renault.dk.png,201
brother.com.pe.png,137
aamcobristolpa.com.png,9
aamcolaurelmd.com.png,9
culliganallegan.com.png,36
aamcobrookfieldwi.com.png,9
mazda-autohaus-berlenbach-bergischgladbach.de.png,5
isover.lv.png,202
pkfthailand.asia.png,203
pepsico.rs.png,23
metlife.com.cy.png,144
tts-group.at.png,204
toyotaotojen.com.tr.png,18
algeco.com.png,205
siebtechnik-tema.cn.png,206
stampinup.ca.png,207
disneychannel.co.za.png,208
ohb-system.de.png,209
mazda-autohaus-haeusler-fuerstenfeldbruck.de.png,11
williamblairfunds.com.png,210
kelloggs.it.png,211
aamcooflascruces.com.png,212
shimadzu.com.br.png,191
aamcobakersfield-whiteln.com.png,9
hansa-flex.be.png,213
aeccglobal.co.th.png,47
kia-burian-celle.de.jpg,64
kia-telke-badschlema.de.png,214
thebodyshop.si.png,186
spitex-trevalli.ch.png,215
mazda-autohaus-kilger-regen.de.png,11
algeco.be.png,216
wwf.es.png,217
rotary.no.png,218
deheus.co.in.png,219
remax-pinneberg.de.png,220
soneparusa.com.png,221
pilotpen.it.png,76
veoliawatertechnologies.fr.png,222
mazda-autohaus-weber-magdeburg.de.png,5
mazda-autohaus-roessel-birkenau.de.png,5
gjw-bb.de.png,223
kia-h-p-schiffweiler.de.png,75
culliganindiana.com.png,99
misterwhat.nl.png,224
honda-grenoble.com.png,4
whirlpool-bangladesh.com.png,225
santanderuniversidades.com.mx.png,226
daikindevice.cz.png,170
daikinmalaysia.com.png,170
remax-lueneburg.de.png,220
bbraun.com.tr.png,40
hyundai.sn.png,227
grantthornton.ci.png,228
kia-h-p-schiffweiler.de.jpg,64
dahmira.kz.png,229
daikin.com.sg.png,170
toofacedcosmetics.jp.png,230
ibc-solar.jp.png,35
batistareisfloresonline.com.br.png,24
kia-burian-celle.de.png,75
norauto-empleo.es.png,231
aamcomiddletownny.com.png,13
maxus-norddeutschland.de.png,232
mazda-autohaus-thoss-falkenstein.de.png,11
europa-union-havelland.de.png,233
mazda-autohaus-dorner-riedlingen.de.png,5
sekulin-allianz.de.png,234
tupperware.fr.png,53
bakertilly.lv.png,29
linde-gas.es.png,121
mazda-autohaus-wilhelm-huellhorst.de.png,5
canon.com.br.png,23
canonburgos.com.png,235
wurth.com.do.png,53
skybusiness.co.nz.png,236
airbnb.com.co.png,38
viessmann.ua.png,123
gs1.dk.png,237
bbraun.se.png,40
benlomondinc.com.png,238
einhell.com.tr.png,44
nordicpharma.de.png,239
savethechildren.ca.png,240
veolia.be.png,222
engieresources.com.png,241
kia-moeller-wunstorf.de.png,75
dairyqueenobx.com.png,242
jungheinrich.com.br.png,243
sixty8.ro.png,244
aiesecaustralia.org.png,245
aamcobloomfield.com.png,13
ardex.de.png,142
vbh.de.png,132
hertz-tilburg.nl.png,246
veolia.ca.png,222
intersport.hu.png,187
julis-bayern.de.png,247
aamcoutah.com.png,199
spitex-wasseramt.ch.png,51
hyundaigatineau.ca.png,248
pkf.com.cy.png,249
cdvi.ch.png,47
renaultcoatzacoalcos.com.mx.png,175
mazda-rzeszow-czach.pl.png,183
nissanofgardencity.com.png,250
murrelektronik.fi.png,139
seqens.fi.png,251
honda-mulhouse.com.png,4
faacentrancesolutions.be.png,252
kia-moeller-wunstorf.de.jpg,64
bioderma.it.png,40
culliganofofallon.com.png,36
intersport.fi.png,187
globalconnect.dk.png,253
aamcosantaclaritaca.com.png,13
storisell.com.png,254
aeccglobal.sg.png,255
greatplacetowork.at.png,21
airbnb.com.vn.png,38
murrelektronik.hu.png,139
fmlogistic.com.br.png,2
tupperware.pl.png,107
lamborghini-stuttgart.com.png,256
edenred.cl.png,12
despec.eu.png,257
trisa.bg.png,258
mitsubishielectric-printing.com.png,37
wingarc.com.au.png,53
subarumidlandodessa.com.png,259
manpowergroup.com.sg.png,260
fleishmanhillard.co.id.png,144
victorsport.com.tw.png,261
hertz-autopujcovna.cz.png,177
servier.pl.png,22
bees-sport.nl.png,262
komoder.com.png,263
culliganjanesville.com.png,99
kiaofpa.com.png,264
mazda-autohaus-lotspeich-muenchen.de.png,5
intersport-arvieux.com.png,187
santanderconsumer.fi.png,265
orange.sk.png,266
zkteco.me.png,267
culliganofpeoria.com.png,99
culligansouthwest.com.png,268
mazda.si.png,269
toyotamacau.com.png,24
johnsmedley.jp.png,270
aamcoroslindalema.com.png,13
pkflesotho.com.png,271
zalando.dk.png,272
servier.gr.png,22
nobleprog.com.ng.png,23
mitsubishi-motors.at.png,273
veolia.am.png,222
savethechildren.mn.png,274
yvesrocher.com.tr.png,275
mazda.es.png,183
shimadzu-rika.co.jp.png,276
repsol.us.png,277
pirtek.at.png,278
servier.ge.png,279
freseniuskidneycare.com.png,280
tupperware.gr.png,281
mitsubishielectric.in.png,53
vbh.hu.png,282
toyota-bornholm.dk.png,283
job-impulse.mx.png,284
habitat.hu.png,127
mazda-warszawa-nivette.pl.png,285
jungheinrich.com.my.png,243
medef-somme.fr.png,92
duracell.com.tr.png,68
bakertilly.ma.png,29
pirtek.nl.png,286
miniso-home.ro.png,287
airbnb.com.bo.png,38
ajaxtocco.de.png,288
subarumidlandodessa.com.jpg,259
kiaofmurfreesboro.com.png,289
aamco-corpuschristi.com.png,290
amway.ca.png,168
carlsjr.es.png,291
adeccogroupfoundationus.org.png,292
ebayglobalshipping.com.png,293
daikin-ksa.com.png,62
zkteco.com.pk.png,294
actemium.us.png,295
pussyspace.net.png,296
jysk.mk.png,297
myron.ca.png,298
spie-osmo.de.png,299
culliganofwestbranch.com.png,36
veoliawatertechnologies.pl.png,23
menicon.fr.png,238
atalian.be.png,37
yves-rocher.ch.png,300
titancontainers.us.png,301
habitativ.org.png,45
sitech-ohio.com.png,302
forpsi.pl.png,303
adra.nl.png,304
kia-brass-frankfurt.de.png,214
intertongn.es.png,305
statkraft.fr.png,178
papasaveriospizzeria.com.png,306
pussyspace.net.jpg,296
siebtechnik-tema.nl.png,206
xtransfer.cn.png,307
truckcityford.com.png,308
rsmpoland.pl.png,188
isover.at.png,309
holidayland-sanktwendel.de.png,310
culliganmidmichigan.com.png,99
salvationarmyeet.org.png,311
aamcoscottsdaleairpark.com.png,9
renaultrycauto.es.png,312
veolianorthamerica.com.png,222
toyotasud.ro.png,18
culliganalbionhillsdale.com.png,36
bonprix.co.uk.png,313
toyotafocsani.ro.png,314
ophitusa.com.png,315
culliganiowa.com.png,99
orient-food.sk.png,316
cdlvideira.com.br.png,317
pilotpen.hu.png,318
vitalimages.com.png,197
inductotherm.com.tr.png,319
metlife.com.au.png,87
isuzuhanoi.com.png,320
gs1bg.org.png,237
worldoptionsgh.com.au.png,321
humanasecondhand.se.png,322
bbraun.co.th.png,40
aamcowsa.com.png,290
tevamexico.com.mx.png,47
rotary6450.org.png,323
actemium.ch.png,295
aamcomiami-birdroad.com.png,9
ibc-solar.pl.png,324
nextbikeczech.com.png,325
cyclecarriage.com.png,326
lindt.co.za.png,327
einhell.fi.png,44
bbraun.com.tw.png,40
monster.at.png,328
avis.com.ph.png,329
nikonmetro1stg.wpengine.com.png,330
toyota-buchreiter-eisenstadt.at.png,331
mazda-autohaus-voigtlaender-meyer-hamburg.de.png,11
kia-sauter-albstadt.de.png,214
baywa-re.es.png,332
europa-union-kassel.de.png,233
linak.kr.png,174
isover.com.ar.png,202
pepsico.fr.png,333
demeter-im-westen.de.png,334
wuerth.com.ph.png,53
immanuelalbertinen.de.png,335
msd-animal-health.co.nz.png,336
veolia.com.gh.png,337
mazda.hu.png,338
kia-ebner-baienfurt.de.jpg,64
airbnb.com.au.png,339
scte-prod.herokuapp.com.png,340
zkteco.vn.png,172
bosch-wohnungsgesellschaft.de.png,341
aamcovancouver99.com.png,9
ymca-cnw.org.png,342
kia-ahs-roehrnbach.de.png,214
nordicpharma.es.png,343
savethechildren.mx.png,240
babgencel.de.png,120
spitexampuls.ch.png,51
unglobalcompact.ca.png,344
synlab.com.tr.png,345
mersen.com.tr.png,346
mazda.fi.png,119
renault-fama.be.png,175
carlsjrmerida.com.png,347
nestle.dk.png,15
dhirajsonsonline.com.png,348
toyotamezcar.com.tr.png,18
mazda-autohaus-schmidt-grossenhain.de.png,11
toyota-evreux.fr.png,349
secom.vn.png,350
thelocal.at.png,351
stocanada.com.png,352
misterwhat.com.br.png,224
pefc.org.png,353
repsolresourcesuk.com.png,354
culligancentralindiana.com.png,99
intersport.it.png,187
cvjm-pfalz.de.png,355
vkf-renzel.com.tr.png,125
vendhq.com.png,356
alosindustrials.com.png,53
solatube.co.uk.png,23
kia-ebner-baienfurt.de.png,75
greatplacetowork.cn.png,21
lghealthjobs.org.png,23
murrelektronik.it.png,139
repsol.no.png,277
nutricia.nl.png,357
aamcorockvillemd.com.png,9
aamcoreadingpa.com.png,9
demeter-bw.de.png,334
modshair-koeln-lindenthal.de.png,104
linde-amt.com.png,62
adecco.cl.png,123
furuno.fr.png,53
nestle.com.pe.png,15
aamcospokanevalleywa.com.png,9
linde-gaz.pl.png,121
cfmotoqueretaro.com.png,358
tapflo.nl.png,359
greatplacetowork.cl.png,21
dulux.com.my.png,360
culliganofidaho.com.png,99
bbraun.dk.png,40
msd-animal-health.com.au.png,336
pefc.fi.png,353
aamco-bellevue.com.png,13
linde.pe.png,361
entergy-arkansas.com.png,362
vbh.ro.png,132
intersport.hr.png,187
synlab.com.cy.png,363
besins-healthcare.nl.png,364
nobleprog.ae.png,23
budget-egypt.com.png,365
nestle.pl.png,15
medef41.fr.png,366
spitex-region-stockhorn.ch.png,51
nelsonlabsbozeman.com.png,367
aamcorochesterny.com.png,13
chicco.ch.png,368
tapflo.at.png,359
subwaypacific.com.png,369
toyotaakkoyunlu.com.tr.png,18
mondialparebrise.re.png,370
lindt.com.au.png,327
aamcostuartfl.com.png,9
bakertilly.ci.png,29
savethechildren.org.za.png,274
altenusa.com.png,371
daikinkuwait.com.png,372
amnesty.lu.png,373
propertyfinder.com.png,374
bioderma.co.za.png,53
dulux.ie.png,375
bakertilly.mu.png,29
hawaiifamilydentalcareers.com.png,376
seitenbachershop.com.png,377
ymcalouisville.org.png,378
decathlon.com.tr.png,379
allianz.com.gr.png,380
ebay.pl.png,159
lidl.ee.png,381
duracell.fr.png,68
worldvision.org.sv.png,134
astrazeneca.no.png,148
aiesec.gr.png,382
linde-medica.es.png,361
daikineastafrica.com.png,383
pearsonclinical.ca.png,384
sitech.fi.png,385
araihelmet.com.png,386
culliganwaterbillings.com.png,77
yves-rocher.nl.png,387
lidl.com.cy.png,381
scoutaerialafrica.com.png,231
hyundaichullora.com.au.png,388
toolstationjobs.be.png,389
kumon.com.uy.png,390
albatroslogistic.ma.png,391
carglass.lt.png,392
hollandandbarrett.com.mt.png,393
toyota.bo.png,18
unicharm.com.br.png,276
inductotherm.com.cn.png,131
aamcooklahomacity-edmond.com.png,9
inbeat.co.png,107
aamcohamptonva.com.png,9
hofmann-personal.cz.png,144
mazdaofpoughkeepsie.com.png,183
modshair-stuttgart.de.png,53
ford.te.ua.png,153
vkf-renzel.nl.png,125
yves-rocher.at.png,394
carlsjr.co.nz.png,395
mazda-autohaus-dohm-horn-bad-meinberg.de.png,5
mazda-autohaus-albers-doerpen.de.png,5
tenneco.co.jp.png,396
cdltresrios.com.br.png,397
mazda-autohaus-lackmann-sendenhorst.de.png,5
mtn.co.sz.png,398
menicon.sg.png,399
decathlon.ch.png,400
aamcopompanobeach.com.png,9
avis.com.do.png,169
chicco.com.tr.png,368
adra.org.au.png,401
spitex-oberfreiamt.ch.png,51
eru.com.ua.png,62
alcirclebiz.com.png,53
chicco.com.ua.png,402
mazda-autohaus-lohmann-kreuztal.de.png,11
vamdodoma.ru.png,403
vans.at.png,174
renaultvercammen.be.png,175
bakertillysek.se.png,53
lindesaude.pt.png,121
aamconorthtampa.com.png,13
aamcoflagstaff.com.png,9
greatplacetowork.com.sg.png,21
bbraun.co.za.png,40
vans.nl.png,174
pepsico.ru.png,333
starkeypro.de.png,404
rotary-club-paris-se.org.png,405
adlatus-nordwestschweiz.ch.png,406
tbwa.it.png,407
airbnb.am.png,38
aamcobaltimore-pulaskihwy.com.png,9
aon.hu.png,408
honda-rouen.com.png,409
ajas.cz.png,410
bakertilly.site.png,29
vivaconagua.org.za.png,227
actemium.nl.png,295
pragroup.pl.png,100
gs1sk.org.png,237
linak.pl.png,174
kiacowansville.com.png,411
titancontainers.at.png,301
daikin.ch.png,372
giacomini.cz.png,412
actemium.at.png,413
peach.immo.png,414
msig-asia.com.png,415
manpowergroup.ca.png,416
lvs-oxford.org.uk.png,417
schaumann.cz.png,418
kia-settele-neu-ulm.de.png,75
leekeswindows.co.uk.png,107
nidek.com.png,227
pilotpen.ro.png,76
aamcosantacruzca.com.png,9
meggle-cheese.com.png,419
spitex-hoefe.ch.png,215
isic.bg.png,420
reedglobal.com.mt.png,85
gs1hr.org.png,237
aamcodallastx.com.png,13
toyotahonduras.com.png,192
aamcomorenovalley.com.png,9
mazda-autohaus-weiss-niedernhausen.de.png,5
mazda.com.tw.png,421
advocarenewbornnetwork.com.png,422
kia-settele-neu-ulm.de.jpg,64
cuponesybeneficios.com.co.png,423
carglass.cz.png,197
grantthornton.com.sv.png,228
gulfoilltd.com.png,424
kia-diamant-wiesbaden.de.png,214
aamcoglendalearrowhead.com.png,425
hondasevilla.net.png,426
aamcoeastpointga.com.png,9
katyawilliamsbridal.com.png,427
stampinup.uk.png,428
honda-montpellier.com.png,429
mateco.mx.png,430
pkfmalta.com.png,116
bestdrive.se.png,431
wolterskluwer.com.my.png,106
elizabetharden.tw.png,432
inductothermgroup.jp.png,319
acuraoframsey.com.png,107
aamcophoenixville.com.png,13
compo-group.com.png,433
worldvision.ca.png,434
cvjm-hemer.de.png,435
furuno.co.uk.png,436
aamcobakersfield-unionave.com.png,9
nissanofopelousas.com.png,437
toyota-niederberger.at.png,314
bakertilly.mt.png,29
engie.cl.png,241
bakertilly.no.png,29
mazdadesherbrooke.com.png,438
ptsv-hof-minigolf.de.png,439
mazda-autohaus-huck-buehl.de.png,440
aamcoaloha.com.png,9
lindt.se.png,176
trulynolenpiaui.com.br.png,441
engie-refrigeration.de.png,241
aamcosanbernardinoca.com.png,13
spitex-aarenord.ch.png,215
fleishmanhillard.ie.png,144
thelocal.ch.png,442
aamconorthwestfwy-houston.com.png,13
greatplacetowork.lu.png,21
sitechnw.com.png,443
zalando.pl.png,272
anderson-negele-gmbh.ru.png,444
tapflo.by.png,359
pefc.es.png,445
aliaxis.cz.png,446
honda-villebon.com.png,4
thelocal.no.png,447
carlsjr-russia.ru.png,347
lindt.jp.png,448
airbnb.com.tw.png,38
allianz-sebastiankoch.de.png,234
tracybookshop.com.png,449
cleijsenautoschadegoirle.nl.png,450
hps-guns.de.jpg,451
einhell.com.gr.png,44
aamcoraleigh-capitalblvd.com.png,13
culliganwooster.com.png,99
mazda-autohaus-buelo-naumburg.de.png,11
aamcotracyca.com.png,199
aamcofeastervillepa.com.png,9
affidea.ro.png,452
toysrus.com.my.png,453
sto.com.tr.png,454
invisalign.it.png,455
mazdaofchicagoland.com.png,456
infiniti-azerbaijan.com.png,124
thelocal.dk.png,447
innolytics.net.png,457
norauto.com.png,231
aamcospringfield.com.png,13
worldvision.org.nz.png,134
kia-kurt-recklinghausen.de.png,214
aamcoeuless.com.png,9
apexdynamicsgermany.de.png,458
deheus.pt.png,219
budget.co.ao.png,23
culliganwi.com.png,36
jungheinrich.co.za.png,459
carlsjr.com.mx.png,347
cdvi.fr.png,380
takeda.nl.png,460
bauder.be.png,461
eresrelocation.es.png,144
overheaddoorkalamazoo.com.png,462
daikinegypt.com.png,62
acuraofpeabody.com.png,463
casaaurorasupermercados.com.br.png,464
soneparfrance.fr.png,111
bakertilly.dk.png,29
culliganillinoisvalley.com.png,99
nestle.at.png,15
paybase.netlify.app.png,465
shimadzu.in.png,191
savethechildren.it.png,240
honda-saint-maur.com.png,4
kia-brueggemann-brandenburg.de.png,214
axa.ma.png,25
hps-guns.de.png,466
spitex-kriens.ch.png,467
mtn.zm.png,398
zalando.co.uk.png,272
airbnb.co.in.png,468
toyotaboranlar.com.tr.png,469
starkey.com.co.png,404
aamco-duluthga.com.png,13
nestle.com.bd.png,470
dolcevita.ca.png,107
kia-asc.ru.png,64
duluxarabia.com.png,360
mazda-autohaus-schreier-biebergemuend-bieber.de.png,5
exertisztorm.com.png,471
spitex-gersau.ch.png,51
extremeadventureraces.com.png,472
starkeypro.com.png,404
piccinifuels.it.png,473
brother.com.mx.png,137
honda-lorient.com.png,409
ccusa.nl.png,474
wurth.kz.png,58
mersen.it.png,346
intersport-grandbornand.com.png,475
takedaoncology.com.png,460
julis-stuttgart.de.png,476
toyotadolak.cz.png,477
plameco-rheinsieg.de.png,478
takeda.com.ru.png,479
allianz.ie.png,380
aamcolubbock.com.png,9
edf-re.com.au.png,449
nikonimgsupport.com.png,480
stanleyelectricus.com.png,481
toyotasandikci.com.tr.png,18
toyotasanpablo.com.ph.png,482
mcdonalds.co.za.png,483
duracleanservicebybob.com.png,484
zkteco-ao.com.png,485
greatplacetowork.com.tr.png,21
lightspeedhq.mx.png,486
avisng.com.png,487
funiber.ma.png,78
gs1mt.org.png,488
gs1lt.org.png,237
infiniti.com.tw.png,489
pkfcemac.com.png,17
flesan.com.pe.png,213
wurth.sk.png,53
ymca-ywca.org.png,490
engie.com.au.png,241
keika-c.ed.jp.png,491
pepsico.ua.png,333
kiaprimavera.com.png,492
bnpparibasdeveloppement.com.png,493
pkf.pt.png,494
thelab.id.png,495
hsusports.com.png,496
sothebysrealty.ae.png,497
nestle-mena.com.png,15
tupperwarefiesta.com.png,498
svnahia.com.png,499
kiaofgrandblanc.com.png,122
toyotacommonwealth.com.png,500
hyundaitgv.ro.png,501
pamarco.co.uk.png,502
howdengroupholdings.com.png,23
deprag.cz.png,503
mazda-autohaus-hoeffner-clausen.de.png,11
trinkgutlippstadt.de.png,504
adra.org.rs.png,401
fft-ps.pl.png,505
linexaus.com.au.png,506
allianz.is.png,380
orbico.com.mk.png,507
drekopf-kanalservice.de.png,508
toyotaalbay.com.ph.png,55
fimacf.africa.png,509
internationalsos.co.jp.png,510
culliganregina.com.png,99
stoitalia.it.png,103
culliganporthuron.com.png,36
teztour.lt.png,511
pragroup.at.png,100
digi-intl.co.jp.png,512
atalian.hu.png,37
aamcobearde.com.png,13
holidayland-pohlheim.de.png,513
toyota-corbeil.fr.png,514
nissantireadvantage.com.png,515
cdlniteroi.com.br.png,516
kumon.com.pe.png,390
linak.nl.png,174
greatplacetowork.com.ar.png,21
worldvision.com.au.png,517
plastoplan.si.png,518
holidayland-friedrichshafen.de.png,310
salvationarmy.org.my.png,311
tbwa.com.hk.png,105
aamco-taylorsvilleut.com.png,13
experianacademy.com.png,519
stawag-energie.de.png,503
mapfre.com.uy.png,520
veolia.co.za.png,222
zalando.nl.png,272
titancontainers.co.nz.png,301
spitex-steinmaur-neerach.ch.png,51
solatube.si.png,521
anotherbrokeneggfranchise.com.png,522
brother-slovakia.sk.png,112
orange.com.lr.png,523
toyotaderinderekocak.com.tr.png,18
kia-etehad-halstenbek.de.png,214
hollandandbarrett.ae.png,524
bakertilly.ke.png,29
hyrox.es.png,525
mercyships.org.au.png,91
nordicpharma.be.png,53
sto.hr.png,20
starkeyjp.com.png,526
culliganillinois.com.png,36
overheaddoorfayetteville.com.png,462
reallifeconcepts.co.za.png,23
vbh.be.png,132
aiesec.org.rs.png,382
astrazeneca.dk.png,148
veolia.de.png,337
carlsjr.com.my.png,347
overheaddoorbrookfield.com.png,527
cdvi.se.png,380
bbraun.no.png,40
aamcovirginiabeachva.com.png,9
bosch-homecomfort.com.png,58
msd-animal-health.pl.png,336
kiaofcoatesville.com.png,528
sephora.ro.png,529
tbwa-entelia.com.png,530
lww.co.uk.png,531
invisalign.de.png,532
toyotabakircilarfethiye.com.tr.png,533
bonprix.jobs.png,534
kalorimeta-singen.de.png,485
ardexbuildingproducts.ie.png,535
aamcoelpaso-east.com.png,290
aamcoalexandriava.com.png,13
mazda-autohaus-gruendel-doerth.de.png,11
intersport-courchevel1850.com.png,187
benu.ee.png,536
jll.fi.png,128
amway.co.jp.png,537
travelocarbooking.com.png,189
santillana.com.pa.png,162
fleishmanhillard.com.br.png,538
engie-africa.com.png,539
wurth.com.tw.png,540
culliganhoriconwatertown.com.png,77
entergynewsroom.com.png,362
greatplacetowork.fr.png,21
johcm-ukconference.com.png,541
flashbay.com.my.png,120
roca.it.png,50
amnesty.se.png,542
gjw-sachsen.de.png,223
nestle.com.uy.png,470
synlab.cz.png,23
avis-tahiti.com.png,543
kawasaki-herzog.de.png,107
job-impulse.pt.png,284
aamcowebstertx.com.png,9
entergy-mississippi.com.png,362
narscosmetics.es.png,544
toyotaaktoy.com.tr.png,18
lcvesta.nl.png,545
landish.ca.png,75
applebees.com.gt.png,546
adeccojapanese.asia.png,123
holidayland-dorfen.de.png,513
modern-heads.com.png,547
howdentiger.com.png,225
chicco.pl.png,368
sherwin-williams.com.ec.png,548
aamcosandiego-missionbay.com.png,9
cpi-print.com.png,107
kiacoldlake.com.png,549
moog.fr.png,123
tupperware.nl.png,238
toyotayoruk.com.tr.png,18
hertz.ro.png,177
ardex.com.tw.png,550
eurofins.at.png,551
nestle.ch.png,470
ardexamericas.com.png,535
sephora.es.png,529
designmehair.cz.png,238
servier.at.png,22
msd-animal-health.dk.png,336
fleishmanhillard.co.th.png,144
toyotasouthern.com.png,55
goliathgames.com.png,552
toyota.co.tz.png,553
airbnb.co.kr.png,38
culliganminneapolis.com.png,36
krautzberger.pl.png,238
tupperware.at.png,53
gjw-hessen.de.png,223
nestle.no.png,15
mazdaofpottstown.com.png,11
spitex-oberthurgau.ch.png,51
mazda-autohaus-w-k-kamen.de.png,5
mazda-autohaus-wilk-kaczmarek-schwerin.de.png,11
myfamily.ca.png,58
fmlogistic.pl.png,2
servier.nl.png,22
harigmfg.com.png,554
cfmotoitaly.it.png,555
aamco-newbraunfels.com.png,290
aamcohialeahfl.com.png,13
greatplacetowork.com.co.png,21
flashbay.fr.png,120
pearsonclinical.es.png,227
mazdaofsouthcharlotte.com.png,556
wordans.it.png,557
asendia.es.png,200
aamcocoronaca.com.png,13
spitex-waedenswil.ch.png,558
holidayland-durmersheim.de.png,513
adra.pl.png,559
wurth.fi.png,560
mazda-autohaus-schindlbeck-straubing.de.png,11
cafelasmargaritas.es.png,561
castsoftware.it.png,125
kia-fugel-dresden.de.png,214
pkf-l.com.png,116
avonworldwide.com.png,562
grantthornton.do.png,228
pkf.jo.png,563
gulf.no.png,89
whirlpool.com.sg.png,564
salvationarmyconcordca.org.png,565
decathlon.pl.png,62
trulynolenrecife.com.br.png,441
wurth.hu.png,560
toyotayatumugla.com.tr.png,566
fordmediacenter.nl.png,567
schaumann.fr.png,144
demeter.it.png,568
funiber.us.png,78
brother-industrial.md.png,118
mazda-press.com.png,119
gulf.com.mk.png,569
titancontainers.dk.png,301
funiber.ci.png,78
chicco.com.ph.png,570
rexel.ca.png,571
greatplacetowork.com.vn.png,21
acuraofgainesville.com.png,572
toyotaer.com.tr.png,18
kia-guenther-dingelstaedt.de.png,214
aamcoviennava.com.png,9
mcvitiesindia.com.png,573
plameco-baer.de.png,574
jungheinrich.in.png,575
synlab-notes.com.png,576
avis.nc.png,577
tupperware.co.kr.png,53
cbrain.com.png,53
rsm.lu.png,53
gulfsverige.com.png,89
mercyships.be.png,91
avia.hu.png,578
stanbicbank.co.zw.png,579
mazda-autohaus-banaszak-wesel.de.png,11
deswam.in.png,580
subwayburbank.com.png,581
renaultamericas.com.mx.png,582
culliganwatercorrections.com.png,99
wurth.pe.png,174
rsm.bh.png,53
isuzuniaga.com.png,487
eca-serel.de.png,58
daikin.ge.png,62
portadoors.com.png,583
gloriasportsarena.com.tr.png,58
atalian.sk.png,546
aamcobloomingtonil.com.png,13
renaultsanzhispano.es.png,584
autosecuritas-ct-seysses.fr.png,585
avis.cr.png,329
bbraun.com.py.png,40
culligannc.com.png,99
powerint.cn.png,586
mazda-autohaus-kopke-bendel-marl.de.png,5
pkf.co.in.png,116
zktecoma.com.png,172
wordans.de.png,587
pragroup.no.png,100
einhell.bg.png,588
culliganmoseslake.com.png,36
cvjm-augsburg.de.png,355
daikin.rs.png,62
shelterstation.com.au.png,589
mazda-autohaus-wuttke-gummersbach.de.png,11
engenmauritius.com.png,590
de-heus.nl.png,219
meyersound.de.png,591
ibc-solar.nl.png,592
drinkculligan.com.png,593
algeco.pt.png,216
greatplacetowork.com.cy.png,21
deswam.in.jpg,594
aamcosilverspringmd.com.png,9
wurth.es.png,115
julis-sh.de.png,595
cgparivarconstruction.com.png,596
solutions30.nl.png,53
vkf-renzel.dk.png,75
trikonclinicalwaste.co.uk.png,53
taylorfarmsdeli.com.png,597
citychain.co.th.png,598
sonepar.pt.png,221
aamcoseguin.com.png,13
wwf.or.th.png,217
medefloire.fr.png,113
zalando.no.png,272
skoda-clermontferrand.fr.png,599
rsmthailand.com.png,53
greatplacetowork.se.png,21
aamcomurraysouthsaltlakecity.com.png,13
wurthindustry.ca.png,174
affidea.es.png,34
crif.cz.png,600
nobleprog.com.eg.png,23
rsmrecruitment.com.png,188
santillana.com.ec.png,162
overheaddoormankato.com.png,601
isuzu.net.my.png,24
msmode.es.png,602
spitexkaiseraugst.ch.png,51
mazda.bg.png,5
infiniti-bahrain.com.png,124
spie.be.png,208
svnvanguardla.com.png,499
zalando.ch.png,272
wwf.org.nz.png,217
aamcotwinfalls.com.png,9
murrelektronik.uk.png,139
modshair-mannheim.de.png,603
filterteknik.dk.png,604
nutricia.co.uk.png,23
airbnb.com.hk.png,38
veolia.pt.png,222
bbraun.nl.png,605
spitexow.ch.png,51
263.net.cn.png,606
sto-ukraine.com.png,607
toyotabacau.ro.png,18
subaru.es.png,608
vbh.com.es.png,132
kia-plt.ru.png,64
lindt.cz.png,327
salvationarmy.org.uk.png,609
compo.pl.png,433
pefc.be.png,353
bosch-pt.com.au.png,181
aamcocolumbus-wbroadst.com.png,13
jungheinrich.co.th.png,243
flashbay.co.nz.png,120
kiacadca.sk.png,610
synlab.lt.png,53
bosch-pt.com.cn.png,611
plameco.nl.png,612
luxaflexproject-scandinavia.com.png,613
aireonepeel.ca.png,614
aamcoathensga.com.png,13
bbraun.co.png,40
astreitalia.it.png,615
bioderma.com.png,616
aamcoranchocucamonga.com.png,13
skodanews.de.png,617
aamcoeverett.com.png,9
tryg.com.png,618
aspenpharma.es.png,619
cdvi.com.png,620
allianzdarta.ie.png,380
bcurelaser.co.il.png,621
plameco.at.png,622
zkteco.in.png,623
narscosmetics.de.png,544
pirtek.se.png,624
veolia.sk.png,222
aleris-pp.dk.png,625
nutriciavoorjou.nl.png,626
thelocal.fr.png,627
designpluz.com.png,628
ymcaokc.org.png,86
mtn.ci.png,398
secureparkingusa.com.png,188
bakertilly.fr.png,58
kiamotors.com.co.png,629
aamcofremontca.com.png,9
shopee.co.id.png,167
pragroup.com.au.png,100
sto.hu.png,20
suttontools.co.nz.png,137
mazda-autohaus-witthoeft-bad-oldesloe.de.png,5
mazda-autohaus-ruettiger-wallduern.de.png,11
honda-chateauroux.com.png,409
honda-pirola.com.png,4
pigtailsandcrewcutsfranchise.com.png,630
bimedacanada.com.png,631
faesfarma.com.co.png,315
cinnabon.pk.png,632
mazda-autohaus-ubben-aurich.de.png,11
culliganwt.com.png,152
mazda-autohaus-heider-dresden.de.png,5
brother-industrial.com.png,137
santander.de.png,633
axa.ad.png,634
bosch-homecomfortgroup.com.png,58
electrolux.com.mx.png,635
sto.fi.png,53
servier.lv.png,636
aamcometuchen.com.png,9
spitexniesen.ch.png,51
duraclean.us.png,637
mazda-autohaus-stoelzel-doehlau.de.png,5
bakertilly.com.jm.png,53
veolia.ie.png,23
mazda-bielskobiala-autogazda.pl.png,638
saint-gobain-glass.es.png,639
medef-cher.fr.png,92
wurth.co.nz.png,640
pkfsingapore.com.png,563
mapfre.com.ve.png,520
mazda-autohaus-abs-erlangen.de.png,11
allianz.com.ar.png,380
overheaddoorofterrehaute.com.png,641
esseskincare.fi.png,642
rjelinek.cl.png,643
algeco.ro.png,216
medef-bearnetsoule.com.png,644
greatplacetowork.com.au.png,21
algeco.sk.png,645
inductotherm.co.kr.png,131
mitsubishi-motors.com.kw.png,49
isover.se.png,202
adra.se.png,646
thebodyshop.bg.png,186
asendia.de.png,200
meggle-group.com.png,419
wolterskluwer.dk.png,106
tbwazim.co.zw.png,647
crocssa.co.za.png,648
ymcasteuben.org.png,649
nissanmanufacturing.com.png,650
spitex-meggen.ch.png,51
gulf.lu.png,424
ccusa.cz.png,474
rotary5960.org.png,651
nepaltrust.gov.np.png,652
spitex-rotbachtal.ch.png,51
mazda-autohaus-misch-uebach-palenberg.de.png,5
trulynolencampogrande.com.br.png,441
titancontainers.com.tr.png,301
freeportwestselfstorage.com.png,653
solatubescotland.co.uk.png,654
roca.com.ar.png,138
spitex-freiamt.ch.png,51
rotary7620.org.png,655
kia-fischer-cottbus.de.png,52
habitatvietnam.org.png,656
aamcoreynoldsburgoh.com.png,657
soventix.cl.png,449
aonassurances.com.png,577
europa-union-thueringen.de.png,658
dysartsservicecenter.com.png,659
acurasouthpoint.com.png,660
acuraofwestchester.com.png,661
softland.com.mx.png,662
carglass.re.png,197
aiesecargentina.org.png,382
aamcolancasterca.com.png,13
engie-energia.pe.png,241
renault.no.png,201
spitex-imboden.ch.png,51
mazda-autohaus-schwenke-duisburg.de.png,5
spitexgraenichen.ch.png,51
logicvapes.co.uk.png,663
duracleancarpet.com.png,664
adra.fr.png,401
carglass.rs.png,197
statkraft.nl.png,665
airbnb.hu.png,38
monster.se.png,328
hondabintang.com.png,666
aamcofuquayvarinanc.com.png,13
funiber.cm.png,78
aeccglobal.co.id.png,47
roca.com.tr.png,667
renault-beaulieu.fr.png,107
spitex-wyland.ch.png,51
urmet.com.br.png,668
linak.cz.png,669
eis.com.tr.png,670
mazda-autohaus-banaszak-kleve.de.png,5
aamcotopekaks.com.png,13
funiber.org.co.png,78
asendia.it.png,200
ecaas.com.png,671
culligansanantonio.com.png,152
renaultmerida.com.mx.png,672
menicon.nl.png,238
gotchateausa.com.png,673
greatplacetowork.com.bo.png,21
tupperware.com.ar.png,238
aamcoportsmouthnh.com.png,13
carglass.gr.png,23
overheaddoorriverton.com.png,527
misterwhat.pl.png,674
mazda-autohaus-suedring-datteln.de.png,5
diamond.co.id.png,675
aiesec.cl.png,382
premiumproperties.com.png,53
greatplacetowork.pl.png,21
solatubegalicia.com.png,676
aliaxis.pl.png,677
mazda-autohaus-brutschin-lenzkirch.de.png,11
crif.ch.png,30
sephora.it.png,529
solatube.pt.png,676
nestle.lt.png,15
sto.es.png,309
bakertilly.com.kh.png,29
foxinabox.mx.png,149
enterprise.si.png,125
bauwerk-group.hr.png,678
toyotaparmaksizlar.com.tr.png,18
alten-consulting.de.png,679
vkf-renzel.co.uk.png,125
msmode.de.png,107
cdljovem.org.br.png,680
kia-ci.com.png,83
gjw-nrw.de.png,223
servier.com.ph.png,22
intersport-rent.fr.png,681
culligankennewick.com.png,99
ambiderm.com.gt.png,682
vivaconagua.at.png,227
orange.cd.png,266
daikinchemicals.co.th.png,683
kia-schunke-aurich.de.png,75
allianzgloballife.com.png,380
athora.nl.png,684
chicco.fr.png,80
bosch-industry-consulting.com.png,181
bakertilly.se.png,29
job-impulse.sk.png,685
allianz-rose.info.png,234
kawasaki-center-koeln.de.png,107
shopee.com.co.png,167
nestle.ua.png,470
buffalotours.es.png,359
servier.vn.png,22
lindt.ch.png,327
kia-schunke-aurich.de.jpg,64
honda-reims.com.png,4
bestwesternbraddock.com.jpeg,686
nexicentraleurope.com.png,687
spitex.sg.png,51
greatplacetowork.gr.png,21
k-startupcenter.org.png,688
kumon.cl.png,390
papajohns.co.nl.png,689
aliaxis.gr.png,227
mitsubishielectric.com.sg.png,174
culliganheartland.com.png,99
ebay.cn.png,690
mazdaofmidland.com.png,183
bbraun.cl.png,40
boxful.com.tw.png,691
secureparking.co.id.png,692
santillana.com.pr.png,693
digilite.com.au.png,640
kia-lange-gosen.de.png,75
nikon-mea.com.png,694
wurth.com.vn.png,540
intersport.be.png,695
janegal.sk.png,696
eurofinsfoodtesting.nl.png,697
monitus.com.png,698
mazda-autohaus-hohenfeld-dinslaken.de.png,11
wwf.org.png,699
santander.pt.png,265
linak.com.br.png,174
bakertilly.pk.png,29
bbraun.lt.png,40
jdimmigration.es.png,700
culliganwatertreatment.com.png,99
indiancancersocietybangalore.org.png,701
statkraft.com.pe.png,178
sephora.pt.png,529
linde-healthcare.nl.png,121
vwswestgarth.com.png,23
murrelektronik.be.png,139
grupointexa.co.png,702
techtel.com.sg.png,703
kia-koenig-teltow.de.png,75
rheine.schule.png,704
fleishmanhillard.mx.png,144
mazda.co.me.png,5
sitechsolutions.com.png,302
medef-44.fr.png,92
bakertilly.sg.png,29
repsol.fr.png,277
mazda-autohaus-kaschmieder-waren.de.png,5
tapflo.se.png,359
berlitz.com.py.png,705
experian.com.my.png,706
roca.ro.png,50
wuerth-ag.ch.png,707
kia-hoff-trier.de.png,214
mazda.al.png,5
chicco.ru.png,368
veolia.fi.png,337
spitex-zimmerberg.ch.png,51
job-impulse.es.png,685
kia-koenig-teltow.de.jpg,64
mitsubishielectric.cz.png,174
kia.com.co.png,708
cinnabon.co.za.png,107
adecco.com.sg.png,123
servier.cz.png,22
deheus.id.png,709
crocs.com.ec.png,710
mazda-autohaus-bayer-goessweinstein.de.png,11
adecco.rs.png,711
weidner.ca.png,712
howdensafetysolutions.com.png,205
spie-ics.com.png,713
repsolsolgas.com.png,714
viacon.no.png,715
aamcotulsa-memorial.com.png,9
mazda-autohaus-trumpf-wimmelburg.de.png,5
aamcoeggharbortwp.com.png,9
besins-healthcare.se.png,716
subaru.com.gt.png,608
gs1.at.png,237
kia-lange-gosen.de.jpg,64
berlitz-dublin.ie.png,503
fortprousa.com.png,717
culliganredwing.com.png,99
seasonsrehab.in.png,718
aamcovinelandnj.com.png,13
carglass.dk.png,24
aamcocarync.com.png,9
blackroll.com.pl.png,293
minisocr.com.png,719
amway.de.png,168
aamcocentraltampa.com.png,9
linexofschererville.com.png,720
aamco-omahanorth.com.png,13
job-impulse.co.jp.png,721
stanbicbank.co.bw.png,722
aamcomesacountryclub.com.png,723
isic.de.png,724
aeccglobal.com.bd.png,725
mersen.hu.png,346
skodalondon.com.png,726
workcircle.com.png,551
yves-rocher.se.png,387
avia-belgomine.be.png,727
aamcogolflinks.com.png,199
brother.com.br.png,137
jll.co.kr.png,128
kia.co.mz.png,26
avis-taiwan.com.png,577
mateco.ro.png,197
lindegas.hu.png,728
sonepar.hu.png,221
inhuntworld.com.png,729
titancontainers.fr.png,301
aamconsa.com.png,290
roca.co.id.png,730
tupperware.com.vn.png,238
job-impulse.co.jp.jpg,721
medef-alsace.com.png,92
pkf.sk.png,116
demeterschmid.de.png,731
whirlpool.com.hk.png,732
actemium.com.png,295
mazda-krakow-kazokuluzar.pl.png,733
monster.co.uk.png,328
spie-energotest.pl.png,713
aamcobridgewater.com.png,9
aamcohemetca.com.png,9
enterpriserentacar.bg.png,734
sourceadvisors.co.uk.png,735
cinnabonrussia.com.png,736
aamcomilwaukieor.com.png,9
wurth.pt.png,53
toyotasamlioglu.com.tr.png,18
jll.co.il.png,128
budget.bg.png,737
subarusouthpoint.com.png,738
culligansiouxcity.com.png,36
airbnb.ie.png,38
aamcolawrencevillega.com.png,9
vans.fr.png,174
duracleanrestoration.com.png,739
honda-marseille.com.png,4
bosch-pt.co.in.png,181
mazda.com.sg.png,183
daikin.ru.png,62
ibc-solar.cz.png,740
amway.it.png,168
actemium.se.png,295
wuerth.dk.png,707
mazda-autohaus-henseler-schwedt.de.png,5
bimedaus.com.png,631
manpowergroup.pt.png,741
whirlpoolservice.co.uk.png,53
mcdonalds.com.jo.png,483
hennessyfunds.com.png,742
camesoluciones.com.png,743
baywa-re.mx.png,332
honda.cl.png,744
einhell.ba.png,44
allianz-spm.fr.png,745
renaultpatriotismo.com.mx.png,746
mtn.com.gh.png,398
biothanesolutions.com.png,23
vkf-renzel.fr.png,125
julis-bremen.de.png,747
msdinsight.no.png,336
aamcomorristown.com.png,9
spitexkempt.ch.png,51
aamcooklahomacity-yukon.com.png,9
venturelightingme.com.png,748
mersen.es.png,346
kia.am.png,492
altriusconsulting.com.png,749
isic.it.png,420
panpuri.fr.png,750
algeco.si.png,751
culligandelavan.com.png,77
mazda-autohaus-albstadt-auto-domicil-ebingen.de.png,11
culliganwaterstillwater.com.png,77
sonepar.pe.png,752
pkf-hk.com.png,249
subway.co.id.png,753
pkf-fwa.com.png,754
kia.com.ni.png,755
reedglobal.hu.png,85
spitex-regiowittenbach.ch.png,51
canon-its.co.jp.png,408
pkfgf.co.nz.png,756
job-impulse.hu.png,685
mazdaofnewrochelle.com.png,421
siebtechnik-tema.co.uk.png,206
savethechildren.es.png,757
kia-gj-remagen-rolandseck.de.png,214
alchemia-nova.net.png,758
edenred.pl.png,12
seiban.com.png,276
poliform-spb.ru.png,58
aamcolakeworth.com.png,9
oil-testing.de.png,759
daikintexastechnologypark.com.png,683
foxinaboxmiami.com.png,760
veolia.co.uk.png,222
nerdsonsite.co.za.png,392
pkfjnd.com.png,761
kia.com.cy.png,214
kia-schmid-hoehenkirchen.de.png,214
mazda-autohaus-ehrlich-aschaffenburg.de.png,11
veolia.es.png,23
saint-gobain.ar.png,60
mazda-autohaus-dittrich-genthin-huettermuehle.de.png,11
bakertilly.gt.png,29
pacificinfotech.co.uk.png,762
renaultsprings.co.za.png,763
bakertilly.com.pa.png,29
servier.ua.png,636
misterwhat-au.com.png,224
vitalsauna.eu.png,764
synlab.by.png,765
casperscreensnorcal.com.png,434
subaru.eu.png,161
kumonshuppan.com.png,660
lindt.at.png,176
kia-engbert-datteln.de.png,52
mazda-autohaus-elstner-jena.de.png,5
bbraun.ae.png,40
bbraun.cz.png,766
kia-autoprodix.ru.png,64
rocatiles.com.png,703
algordanza.com.au.png,767
culliganwaterwyoming.com.png,36
spitex-grauholz.ch.png,51
pakuacanada.com.png,768
seiban.com.jpg,769
aeccglobal.vn.png,47
subwayfrance.fr.png,293
cvjm-muensingen.de.png,770
affidea.pt.png,452
top-system.com.mk.png,643
overheaddoorsrichmond.com.png,462
nestle.com.tw.png,470
nestle.com.ve.png,771
adecco.de.png,715
intersport.cz.png,187
laborelec.com.png,772
enterprise.com.ar.png,293
engie.pt.png,773
wurth.com.uy.png,115
toyotatoyan.com.tr.png,774
skoda-metz.fr.png,599
nikon.co.th.png,775
nutricia.ie.png,23
patheon.com.png,123
spitex-see-lac.ch.png,215
lamannamovingny.com.png,434
medef-beziers.fr.png,92
gs1ec.org.png,237
bluecardagency.ru.png,62
murrelektronik.cz.png,139
plameco-bonn.de.png,776
starbucks.co.nz.png,190
decathlon.com.kh.png,676
invisalign.fr.png,532
kia.com.uy.png,777
kamic.fi.png,778
dulux.com.sg.png,360
jungheinrich.co.nz.png,243
kia-mouscron.be.png,779
entergy-louisiana.com.png,362
kantar.com.tw.png,485
veolia.fr.png,222
aamcoarlington-pantego.com.png,9
mediqdirekt.hu.png,780
linde-gas.lt.png,6
ecslupsk.pl.png,781
tupperware.be.png,238
specialistnutrition.us.png,782
unglobalcompactghana.com.png,783
coffeesmith.com.sg.png,784
amnesty.eu.png,542
renaultchiapas.com.mx.png,201
aamcoofupland.com.png,9
mazdaofbedford.com.png,640
hamburg.com.png,785
linexps.com.png,786
mazda-autohaus-becker-homburg-bruchhof.de.png,5
kiaofverobeach.com.png,787
veka.bg.png,42
equans.cl.png,788
linde.bo.png,361
saint-gobain.mk.png,60
cdviplastics.com.png,789
cubcadet.fr.png,790
sitech-ws.com.png,302
snapologyfranchising.com.png,791
monster.ie.png,328
airbnb.ru.png,38
rsmcanada.com.png,188
mazdavardi.com.co.png,792
brother.com.ar.png,137
aamcolakeforestca.com.png,13
foxinaboxgraz.at.png,149
papajohns.com.pk.png,793
pingusenglish.ee.png,794
einhell.ch.png,44
crocs.cl.png,43
kilewswest.com.png,795
equansservices.com.png,788
vispiron.systems.png,796
thebodyshop.lt.png,186
medef-sarthe.fr.png,92
aamcoeugeneor.com.png,9
compassion.es.png,797
kia-ds-lampertheim.de.png,75
mercyships.nl.png,91
metlifetakealongdental.com.png,798
vans.es.png,174
kumon.com.hk.png,799
atalian.pl.png,37
linde-electronics.com.png,6
modshair-braunschweig.de.png,104
manpowergroup.dk.png,800
lamborghinisarasota.com.png,801
kia-ds-lampertheim.de.jpg,64
mazda-autohaus-lehmann-senftenberg.de.png,11
atalian.rs.png,546
holidayland-wunstorf.de.png,513
pingusenglish.ps.png,802
renaultselection.co.za.png,803
savethechildren.or.id.png,240
esseskincare.sg.png,804
mazda-autohaus-rottmann-bottrop.de.png,5
intersport-lesrousses.com.png,187
saint-gobain-solutions.nl.png,805
virtual-reality.school.png,806
kelloggs.no.png,211
culligancountry.com.png,99
ikea.com.tr.png,807
aamcoypsilantimi.com.png,290
mazda-autohaus-ahb-gotha.de.png,5
aamcocedarparktx.com.png,9
greatplacetowork.com.ve.png,808
intersport.com.au.png,187
flashbay.pt.png,120
kiaoflumberton.com.png,107
pilotpen.co.th.png,809
vans.co.nz.png,810
culliganricelake.com.png,99
actemium.es.png,295
mazdaofcolumbia.com.png,616
nissanoflebanonnh.com.png,107
noiseassessments.org.png,811
kia-chita.ru.png,64
ymcatrivalley.org.png,72
isover.ie.png,202
matutis.de.png,812
rotarygranada.es.png,405
axa-lifeeurope.com.png,25
cinnabon-ksa.com.png,813
decathlon.ro.png,137
culligantucson.com.png,36
carglass.hr.png,197
vkf-renzel.hu.png,75
rockvalleyculligan.com.png,814
daikin-ce.com.png,62
adra.org.pe.png,401
aamcotulsa-harvard.com.png,9
mersen.jp.png,346
desjoyaux.co.uk.png,815
shimadzu.com.ph.png,191
adra.sk.png,816
peugeot.sk.png,817
asendia.dk.png,200
isover.sk.png,818
howden.co.il.png,231
misterwhat.pt.png,224
cinnabon-egypt.com.png,819
bbraun.co.in.png,40
islprgac.org.png,820
plastoplan.pl.png,62
plastoplan.rs.png,62
engie-ecserwis.pl.png,821
trulynolengoias.com.br.png,441
aamcoastoria.com.png,9
fmlogistic.sk.png,2
hertz.com.cy.png,177
veolia.jp.png,337
fmlogistic.ro.png,2
pirtek.ie.png,822
dicetek.us.png,823
uxbistart.com.png,824
equans.cz.png,825
nikonschool.de.png,480
carlsjr.com.tr.png,826
allthingswater.com.png,99
greatplacetowork.pt.png,827
affinitynonprofits.com.png,828
aamcofortlauderdale-plantation.com.png,9
culligangrandrapids.com.png,99
repsol.pe.png,277
toyotayatubodrum.com.tr.png,18
equans.lu.png,788
santillana.com.hn.png,829
msd-animal-health.es.png,546
sephora.dk.png,529
mazda-autohaus-friedmann-steinfeld.de.png,11
synergie.pt.png,3
clarksonhyde.it.png,830
nordicpharma.ch.png,53
risogallo.it.png,831
berlitz-bahrain.com.png,739
spitexstaefa.ch.png,51
tectake.it.png,746
pkfve.com.png,494
mazda.co.za.png,183
mtn.cg.png,398
nestle.bg.png,15
menicon.co.uk.png,832
aiesec.org.es.png,382
toyotabeerens.be.png,833
culligantulsa.com.png,99
cdvi.de.png,47
subway.ru.png,369
santanderconsumer.no.png,633
culligantotalwater.com.png,99
synlab.com.gh.png,834
steelhousegroup.ee.png,835
tapflo.hu.png,359
culliganwaterwestbend.com.png,77
mcdonalds.ma.png,836
airbnb.com.ro.png,38
axa-assistance.pl.png,837
duracleanservices.net.png,838
bbraun.ca.png,139
bbraun.be.png,766
medef-nouvelle-aquitaine.fr.png,92
mazda-autohaus-mork-rockenhausen.de.png,11
aamcodelraybeach.com.png,9
renaultmonterrey.com.png,746
toyotayigitvar.com.tr.png,18
renaultpatria.com.mx.png,746
bioderma.com.hr.png,839
orange-bissau.com.png,523
telehouse.co.th.png,840
aamcobrooklyn-atlanticave.com.png,9
avia-ramonville.fr.png,841
accelltherapy.com.au.png,842
bbraun.bg.png,40
avispl.de.png,113
culliganofsouthwestwisconsin.com.png,99
mazdaofalexandria.com.png,58
specialolympics.com.au.png,843
airbnb.com.pe.png,38
fmlogistic.es.png,2
culliganchicago.com.png,99
hydroscand.co.ua.png,844
renaultzaragoza.com.png,107
aamcosignalhill.com.png,9
svnprovidence.com.png,845
jungheinrich.com.sg.png,243
nhszketpo.hu.png,846
mitsubishi-motors.qa.png,847
wurth.co.uk.png,848
kiavacaville.com.png,849
sephora.pl.png,529
gulf-japan.com.png,424
roca.fr.png,50
aliaxis.it.png,677
mazda-autohaus-tabbouch-speyer.de.png,5
kiwiqa.com.au.png,850
wurth.com.mk.png,851
spitex-emmen.ch.png,51
saint-gobain.bg.png,197
landermitsubishi.com.au.png,852
spitex-linth.ch.png,558
aamcoreno.com.png,13
europcar.me.png,853
notairespirletboinet.be.png,144
bauder.at.png,854
mazda-wroclaw-jaremko.pl.png,53
sephora.gr.png,529
esseskincare.co.uk.png,642
miniso.ge.png,855
honda-caen.com.png,4
kia.com.np.png,83
holidayland-reisebuero-stuppert.de.png,310
bakertilly.ky.png,29
mazda.nl.png,183
invisalign.co.uk.png,532
engie.de.png,241
bauder.nl.png,53
linde.ch.png,856
aamcoparkvillemd.com.png,9
aamcowilliamsportpa.com.png,9
airbnb.co.id.png,38
overheaddooraz.com.png,857
komoder.md.png,293
equans.co.png,788
daikinmea.com.png,62
dulux.co.za.png,858
adecco.co.th.png,123
actemium.com.br.png,859
avoncameroun.com.png,562
einhell.nl.png,44
culliganwheaton.com.png,99
aamcomissouricitytx.com.png,9
niproaustralia.com.au.png,47
aamcocantonga.com.png,9
countryroadsford.net.png,860
aamcooaklandca.com.png,9
grantthornton.co.im.png,228
ccusa.ca.png,126
pixibeauty.co.uk.png,861
kiaofduluth.com.png,862
amnesty.org.ng.png,542
minisoindia.com.png,287
greatplacetowork.com.mm.png,21
mazdademagog.com.png,863
plameco-huizen.nl.png,612
shopee.in.png,864
actemium.sk.png,295
komoder.co.uk.png,865
airbnb.jp.png,38
trulynolennatal.com.br.png,441
daikin.fi.png,683
medef-cote-opale.com.png,92
ebay.com.hk.png,159
cimbbank.com.vn.png,866
ford.vn.ua.png,153
cazenovecapital.com.png,867
spitexzh.ch.png,51
spitex-rothenburg.ch.png,868
renaultdelsol.com.mx.png,763
kia-strehle-dresden.de.png,214
culliganmarlette.com.png,36
daikinuae.com.png,62
mercyships.ch.png,91
titancontainers.ie.png,301
bakertillyeg.com.png,29
wurth.rs.png,53
vantagepoint.co.id.png,869
decathlon.hu.png,870
engiemiddleeast.com.png,871
rotary.hr.png,872
babble.com.png,873
isover.fi.png,818
gs1my.org.png,237
vkf-renzel.ro.png,125
misterwhat.de.png,674
airbnb.fr.png,38
dfcapital-investors.com.png,874
toyotaonatca.com.tr.png,18
esseskincare.se.png,804
daikinlebanon.com.png,372
mazda-autohaus-sturne-grimma.de.png,11
actemium.id.png,875
manpowergroup.gr.png,260
aamcoahwatukee.com.png,9
isover.hu.png,130
kia-vogt-finningen.de.png,214
mazda-autohaus-rausch-dresden.de.png,5
asendia.co.uk.png,200
honda-dijon.com.png,4
aamcosouthsarasota.com.png,13
funiber.org.uy.png,78
renault-tortosa.es.png,201
nikon.com.hk.png,775
daikincareers.com.png,345
aamcotigard.com.png,9
crif.com.tr.png,876
thebodyshop.lv.png,186
aamcoorange.com.png,9
acurahonolulu.com.png,213
daikin.si.png,683
starkey.co.uk.png,877
nestle.co.nz.png,15
dilmahtea.co.uk.png,878
spitex-wuerenlos.ch.png,51
bbraun.co.kr.png,40
dulux.co.zw.png,879
sitech.ch.png,172
meniconamerica.com.png,880
whisky.de.png,881
rsmuk.com.png,188
wuerth.co.jp.png,882
nestle.mk.png,470
affidea.gr.png,34
compo.es.png,433
cdvibenelux.com.png,620
neposystem.me.png,883
sans-sans.com.my.png,238
bakertillygh.com.png,29
astrazeneca.hu.png,884
plastoplan.com.png,62
habitatmichigan.org.png,885
nordicpharma.nl.png,53
nestle.com.bo.png,886
desjoyaux.de.png,158
bakertillymapema.se.png,29
bakertilly.es.png,29
ardex.at.png,535
aamcolasvegas.com.png,13
linde-gas.lv.png,121
enterprise.se.png,734
linde.co.th.jpg,887
cargoriga.ee.png,888
foxinaboxzutphen.com.png,889
foxinaboxlondon.uk.png,890
path-solutions.com.png,891
mitsubishi-motors.fi.png,49
aeccglobal.ng.png,255
servier.bg.png,636
axa.be.png,25
zalando.be.png,272
allianz-peev.de.png,234
ymcatoledo.org.png,892
medknow.com.png,106
honda-rennes.com.png,4
toyotanorthedsa.com.png,55
aamcomcdonoughga.com.png,13
thelocal.es.png,893
mazda-bcrmotors.ru.png,5
linde.co.th.png,6
daikin-korea.co.kr.png,558
papajohnsquebec.ca.png,894
solidea.co.za.png,835
educab.com.au.png,895
habitatstl.org.png,150
kierpensions.co.uk.png,896
dci.co.th.png,48
tapflo.kz.png,359
affidea.pl.png,34
sans-sans.com.my.jpg,238
toyota-lyonsud.fr.png,90
atalian.com.tr.png,897
experianidworks.com.png,898
remax-emblema.com.ar.png,899
inductotherm-group-france.fr.png,131
aireserv.ca.png,900
affresco-decor.com.png,901
cdlvitoria.com.br.png,902
toyotahizel.com.tr.png,18
fleishmanhillard.cn.png,144
keasyfit.it.png,903
mtn.ng.png,398
mazda-autohaus-henn-weilamrhein.de.png,5
nestle.com.vn.png,15
subarutijuana.mx.png,904
pefc.cl.png,905
toyota-marseille.com.png,18
thelocal.it.png,447
aliaxis.hu.png,227
aamcopomonaca.com.png,9
wurth.co.za.png,906
mazda-autohaus-schindlbeck-schwandorf.de.png,11
intersport.nl.png,187
kumonla.com.png,390
wurth-int.com.png,540
vetpartners.fr.png,200
kia-bender-coburg.de.jpg,64
intersport-alpedhuez.com.png,98
mitsubishielectricmalaysia.com.png,907
nobleprog.es.png,908
cfmotoindia.com.png,909
orbico-kenoanyagok.hu.png,507
aamcofortworth.com.png,9
deheus.rs.png,219
toysrus.com.bn.png,753
deheus.pl.png,219
murrelektronik.at.png,139
tapflo.co.za.png,359
kapanfastigheter.se.png,910
kia-bender-coburg.de.png,75
spitex-region-kreuzlingen.ch.png,215
aeccglobal.lk.png,911
pirtek.de.png,278
msmode.fr.png,107
lidl.lt.png,912
mazda-sosnowiec-mirai.pl.png,913
culliganfresnolindsay.com.png,99
vbhtrgovina.si.png,132
greatplacetowork.co.kr.png,21
pkfcr.co.nz.png,116
secureparkinghi.com.png,556
aamcoindependencemo.com.png,9
brother.co.il.png,137
bakertilly.it.png,29
pingusenglish.com.cy.png,84
shercomotorcycles.it.png,914
greatplacetowork.co.ke.png,21
moorestoke.co.uk.png,915
hondatygerberg.co.za.png,916
toyota-s.co.il.png,90
gs1tn.org.png,488
cfmoto-larissa.gr.png,917
mazda.lv.png,918
metlife.co.kr.png,87
aamcoroundrocktx.com.png,9
trijit.uk.png,23
mazda-autohaus-born-ludwigslust.de.png,11
grantthornton.com.ve.png,228
venaenergy.co.jp.png,919
carglass.ee.png,24
rutscherlebnis.at.png,920
flashbay.fi.png,120
takab.nu.png,921
mazda-angola-autozuid.com.png,922
aamcopatchogue.com.png,9
toyota.com.kh.png,117
carglass.hu.png,923
esseskincare.hk.png,804
culliganwatercolorado.com.png,36
flashbay.hu.png,120
gulfcombustibles.com.png,924
stockco.co.nz.png,897
allianz-kuhlemann.de.png,234
spitexlauchetal.ch.png,51
moore-czech.cz.png,925
europa-union-sachsen.de.png,23
daikin.com.mx.png,170
moog.co.uk.png,123
jll.com.lk.png,926
habitatcoosavalley.org.png,150
pkffinconta.ro.png,189
yves-rocher.pt.png,300
durableonline.com.sg.png,927
gs1hu.org.png,488
axabreakdown.co.uk.png,928
pingusenglish.co.id.png,929
greatplacetowork.com.uy.png,21
immunospot.eu.png,930
asendia.se.png,200
toyotagoktepe.com.tr.png,18
aamcophoenixnortheast.com.png,13
nordicpharma.co.uk.png,53
pilotpen.co.uk.png,931
aamcospringfieldoh.com.png,9
spitexlueg.ch.png,932
actemium.co.uk.png,295
isover.de.png,309
baywa-re.vn.png,332
thisissowgood.com.png,933
gjw-mv.de.png,223
zkteco.com.bd.png,267
aon.lt.png,934
daikinbahrain.com.png,62
pearsonschoolsandfecolleges.co.uk.png,171
mcdonalds.com.sg.png,935
aamcosouthtampa.com.png,9
stanbicbank.co.zm.png,936
carglass.si.png,197
culliganmonroe.com.png,99
aamcotransmissionpensacola.com.png,13
subarusouthblvd.com.png,937
minisouruguay.com.uy.png,938
mazda-autohaus-klein-bietigheim-bissingen.de.png,5
aon.co.nz.png,939
wwf.at.png,54
icafalinmobiliaria.cl.png,940
cleansui-usa.com.png,110
culliganstlouis.com.png,99
atalian.sg.png,37
culliganofmerrillville.com.png,941
grantthornton.sk.png,228
aamcosantarosa.com.png,9
allianz-assistance.ie.png,380
nutrienagsolutions.ca.png,942
isover.it.png,805
benefitsystems.hr.png,384
kiaspringfield.co.za.png,83
culliganmarion.com.png,99
manpowergroup.se.png,741
pingusenglish.com.png,794
actemium.pt.png,943
aonsolutions.com.cy.png,577
adra.org.pt.png,401
promat.ch.png,870
honda.com.ng.png,23
bonprix.nl.png,944
hansa-flex.com.pl.png,945
aamcochino.com.png,9
mazda-autohaus-kalina-gelsenkirchen.de.png,5
mateco-hungary.hu.png,429
sanlorenzo.com.pe.png,946
renault.com.my.png,175
flashbay.es.png,120
aamcowarrentonva.com.png,9
crocs.co.id.png,947
pearsonclinical.fr.png,948
honda.com.bd.png,23
mazda112.com.png,744
secureparking.com.kh.png,949
daikin-manufacturing.de.png,950
intersport.com.tr.png,23
kentmaster.nz.png,951
aamcoconwaysc.com.png,13
decathlonkz.com.png,676
kia-dresen-neuss.de.png,214
ovb.at.png,8
thebodyshop.com.tr.png,952
compo.de.png,953
mitsubishi-motors.it.png,273
spie.lu.png,208
aiesec.ba.png,382
starkey.com.br.png,883
greatplacetowork.co.il.png,954
fattalhotelgroup.com.png,955
aamcophoenixmaryvale.com.png,9
advocarewdp.com.png,422
vbh.lv.png,132
linde-gas.at.png,121
mazda-autohaus-richter-forst.de.png,11
medef31.fr.png,956
lidl.lu.png,381
lunarclient.com.png,957
nestle.ba.png,470
aamcosantaanaca.com.png,13
orange.cm.png,266
servier.com.pa.png,22
aeccglobal.my.png,47
amnesty.hu.png,542
moog.es.png,123
bauder.ag.png,53
mercanta.de.png,640
aiesec.my.png,245
kia-moeller-eisenach.de.jpg,64
acetoolonline.com.png,923
sephora.fr.png,107
iba-protontherapy.com.png,958
bakertilly.gi.png,29
gwaliasweets.ca.png,959
linde-gas.nl.png,121
culliganofnashville.com.png,23
servier.co.id.png,22
adecco.ie.png,123
culligangeneva.com.png,36
narscosmetics.fr.png,544
processcommunicationmodel.sk.png,960
colorflexpackaging.com.png,961
nutricia.de.png,23
kia-moeller-eisenach.de.png,75
terradat.co.uk.png,962
fmlogistic.it.png,2
yord.pl.png,963
msd-animal-health.pt.png,546
macma.pl.png,964
synergie.es.png,965
skssweden.se.png,966
bakertilly.sl.png,29
subaru.com.pa.png,967
salvationarmyflorida.org.png,609
implantcenter-dentistry.co.uk.png,359
aamcoseattlewa.com.png,9
subaru.jp.png,161
greatplacetowork.es.png,21
budgetqatar.com.png,870
aamcowarrenmi.com.png,290
aamcolexingtoneast.com.png,13
synlab.mk.png,23
statkraft.co.uk.png,178
gjw-nd.de.png,223
hsbcsaudi.com.png,968
edenred.fi.png,12
savethechildren.org.ph.png,757
intersport.ch.png,23
aamcoglendaleca.com.png,9
mazda-autohaus-blank-dinkelsbuehl.de.png,11
despat.com.png,969
fleishmanhillard.cz.png,144
murrelektronik.no.png,139
kia-kmv.ru.png,64
shopee.com.mx.png,167
pamline.fr.png,970
avon.com.sa.png,339
honda-toulouse.com.png,409
aamco-councilbluffs.com.png,13
kiatorun.pl.png,779
aamcoaustin-burnetrd.com.png,9
kia-suedmobile-radolfzell.de.png,214
demetercs.eu.png,334
aamcomarietta-cobbparkway.com.png,9
culligandesmoines.com.png,971
aamcopembroke.com.png,13
hyundaiblacktown.com.au.png,388
linexofjoliet.com.png,972
mitsubishi-motors.pt.png,49
edenred.hu.png,12
pmsgen.com.png,973
infiniti.mx.png,944
astrazeneca.pt.png,148
lindehomecare.fr.png,121
rubiomonocoat.com.au.png,974
plameco.be.png,612
honda-cannes.com.png,409
mapfre.com.ni.png,866
reedglobal.pl.png,141
teknoware.ae.png,53
aontravpro.com.png,169
enterprise.dk.png,734
murrelektronik.ch.png,139
aamcolexingtonwest.com.png,13
amnesty.id.png,975
hertz-autopozicovna.sk.png,976
culliganreno.com.png,144
pkfcabrera.com.png,271
pauldaviswi.com.png,977
kuraray.us.com.png,978
bakertilly.ec.png,29
pirtek.eu.png,979
medef-essonne.org.png,92
toyota-montluel.fr.png,90
amnesty.is.png,542
isuzu.com.png,53
budget-ireland.co.uk.png,24
aamcohuntingtonbeachca.com.png,13
toyotacomauto.com.png,117
worldvision.org.uk.png,134
msd-animal-health.it.png,546
canon.cl.png,172
budgetinternational.com.png,365
orange.md.png,266
myplumberca.com.png,980
spitexmuri.ch.png,51
medef71.com.png,92
honda-autoland.com.png,981
culligandenkerwaterconditioning.com.png,99
meggle.it.png,419
mazda-autohaus-eisele-langenau.de.png,5
toyotaakten.com.tr.png,18
mazda-autohaus-flindt-marschacht.de.png,11
nestle-caribbean.com.png,15
pkf.dk.png,116
aamcohackettstown.com.png,9
naturesrewardcoloredcauliflower.com.png,982
esseskincare.dk.png,642
renault-materom.ro.png,983
holidayland-roedermark.de.png,513
newson-gale.co.uk.png,598
scholpp.it.png,53
mazdalakeland.com.png,125
boschautopartes.mx.png,341
spitextg.ch.png,984
spitexsense.ch.png,215
allbranded.de.png,985
linexofwilliston.com.png,986
einhell.cz.png,44
yves-rocher.de.png,987
pingusenglish.ac.th.png,988
daikinafrica.com.png,62
etxt.biz.png,989
mazdaoforange.com.png,53
culliganatlanta.com.png,99
pkfkerikeri.co.nz.png,761
aonsolutions.com.tr.png,408
eurochem-na.com.png,990
synergiejobs.nl.png,965
aamcosandiego-miramar.com.png,9
toyotabucurestinord.ro.png,18
astrazeneca.com.hk.png,884
rotarypublicschool.org.png,991
leroymerlin.co.za.png,992
synergiejobs.at.png,993
allianz.sg.png,380
ikea.com.tw.png,994
inductotherm.ca.png,131
freseniuskidneycare.cn.png,995
trulynolenparaiba.com.br.png,441
actemium.it.png,943
aon.lv.png,169
daikinchemicals.com.png,950
intersport.com.cy.png,58
hyundaiofchatham.ca.png,996
aamcoroanokeva.com.png,13
airbnb.dk.png,38
kia-duerkop-hannover.de.jpg,64
vans.it.png,174
asendia.sg.png,200
pearsonactivelearn.com.png,997
allianzim.com.png,998
nikon.com.sg.png,999
modshair-bielefeld.de.png,104
svntrinity.com.png,845
nissanattheavenues.com.png,1000
funiber.ml.png,78
subaruqatar.com.png,161
mazda.com.kh.png,421
rationalstock.es.png,1001
allianzlifechanger.com.png,1002
medef-anjou.fr.png,92
toyotakocaelikaya.com.tr.png,18
ercagroup.com.tr.png,37
mazda-autohaus-engelbart-delmenhorst.de.png,11
daikin.eu.png,372
mazda.com.ec.png,183
bioderma-sk.com.png,40
actemium.de.png,295
toyotasonkar.com.tr.png,18
medef-vendee.fr.png,92
modshair-hannover.de.png,104
rotaryclubdelima.org.png,1003
wwf.no.png,217
aamcoconcordnh.com.png,9
fitness4homesuperstore.com.png,1004
overheaddoorcompanyjackson.com.png,462
spiegse.com.png,1005
kesz.rs.png,1006
mariagefreres.co.jp.png,1007
cedstone.ca.png,1008
dennert.pl.png,1009
worldvisionmexico.org.mx.png,1010
budgetglacier.com.png,1011
manpower.co.za.png,1012
infiniti-abudhabi.com.png,1013
demeter-im-norden.de.png,334
mersen.in.png,346
crocs.ch.png,1014
isic.fr.png,1015
chauffeurstelefoon.nl.png,1016
toyotamici.com.tr.png,90
ford.if.ua.png,1017
rotary-bulgaria.org.png,218
rotary-club-strasbourg.org.png,405
yves-rocher.it.png,387
amway.fr.png,168
kia-duerkop-hannover.de.png,75
le-tech.co.uk.png,339
honda-meaux.com.png,934
bonprix.ch.png,1018
kokuyo-furniture.com.my.png,1019
novonordisk.my.png,1020
mazdaofamarillo.com.png,1021
solatube.se.png,1022
renaulttlalnepantla.com.mx.png,1023
cdlbarreiras.com.br.png,1024
nestle.com.ar.png,15
mediqdirekt.de.png,1025
mazda.lt.png,918
alten.ca.png,748
ymcatriangle.org.png,86
menicon.com.au.png,238
culligannation.com.png,99
julis-muenchen.de.png,1026
svncredit.ro.png,107
caspak.co.nz.png,1027
bauder.lt.png,461
aamcopasadenatx.com.png,9
pearson.com.hk.png,1028
veolia.in.png,222
nobleprog.ro.png,62
vbh.cz.png,132
cyrillus.com.png,293
pkf-central-america.com.png,563
lidl.lv.png,381
linde-gas.no.png,121
nutricia.pt.png,172
saint-gobain.al.png,805
mazda-autohaus-mueller-plauen.de.png,5
lidl-voyages.fr.png,381
amnesty.ie.png,975
meggle.de.png,1029
engieindia.com.png,182
titancontainers.co.uk.png,301
bosch-pt.com.my.png,181
mazda-autohaus-behrens-magdeburg-ottersleben.de.png,11
greatplacetowork.is.png,21
modshair-nuernberg.de.png,104
mazda.ua.png,1030
bmw-motorrad-euromotos-lyon.fr.png,1031
bbraun.mx.png,40
toyotadefence.com.png,55
bakertilly.pt.png,29
veolia.pl.png,337
mcdonalds.md.png,1032
wwfchina.org.png,1033
toyota-innviertel.at.png,314
pingusenglish.com.tr.png,988
honda-limoges.com.png,4
tapflo.it.png,359
kia-brueggemann-neubrandenburg.de.png,214
fainvestors.com.png,1034
shopee.com.my.png,167
mazdacity.com.png,183
wurth-international.com.png,540
edenred.es.png,12
santillana.com.sv.png,829
tbwaalif.com.png,530
toyotanatas.com.tr.png,18
murrelektronik.kr.png,139
engie.sk.png,182
spitexgaiserwald.ch.png,51
renault-argenteuil.fr.png,640
allianzpp.com.png,136
bbraun.ec.png,40
regalsprings.com.mx.png,1035
mazdalanka.lk.png,1036
cvjm-nuembrecht.de.png,355
pkfboi.nz.png,761
honda-lemans.com.png,409
nestle.com.sg.png,15
experian.com.sg.png,898
goliathgames.de.png,1037
captrain.pl.png,53
mazda.ru.png,11
seats2meetstationdenbosch.nl.png,1038
aamcokansascitysouth.com.jpg,199
isuzu.co.mz.png,123
aliaxis-me.com.png,227
hahn-kolb.mx.png,1039
benu.lv.png,174
lindt.fi.png,176
servier.pt.png,22
krofian.de.png,1040
mazdanorkar.com.png,1041
trulynolenbarueri.com.br.png,441
veka.com.sg.png,1042
bakertilly.com.cy.png,29
mazda-warszawa-odyssey.pl.png,269
bakertilly.ba.png,29
servier.co.za.png,279
wuerth-gruppe.ch.png,540
jungheinrich.com.au.png,1043
affidea.lt.png,34
synlab.si.png,363
aamcokansascitysouth.com.png,199
aamcobrooklyn-ralphave.com.png,9
jollibee.com.bn.png,1044
cdu-aldenhoven.de.png,1045
vettersculliganwater.com.png,36
veolia.ma.png,1046
worldvision.cl.png,1047
mazda-autohaus-haese-erkrath-hochdahl.de.png,5
nestle-esar.com.png,15
eurofins.hr.png,697
santillana.com.bo.png,162
aamcotempe.com.png,9
amnestyghana.org.png,1048
rexel.se.png,571
aamcoyumaaz.com.png,13
toshiba-water.com.png,1049
mercyships.se.png,91
kia-fischer-muenchberg.de.jpg,64
franzcollection.com.png,1050
wurth.cl.png,1051
kewpie.com.sg.png,1052
enterpriserentacar.pl.png,734
kia-mueller-genthin.de.png,214
mtn.com.af.png,398
allianz.lt.png,380
intersport-gros.de.png,1053
entergy-nuclear.com.png,362
ikea.es.png,807
biolchim.com.br.png,1054
linexswfl.com.png,1055
toyota-handler.at.png,314
spitex-romanshorn.ch.png,51
muvpropiedades.com.ar.png,1056
lamborghini-rotterdam.nl.png,1057
allianz.mg.png,380
budget.rs.png,1058
medef-artois.fr.png,92
bauermedia.no.png,1059
airbnb.no.png,38
aamcobronx.com.png,9
ikea.pr.png,807
ilmercatoambacht.nl.png,1060
ekartlogistics.in.png,1061
kawasaki-seufert.de.png,107
daikin.az.png,62
fosterfarmsfoodservice.com.png,1062
kia-fischer-muenchberg.de.png,75
bestdrive.fi.png,1063
honda-angouleme.com.png,1064
wurth.ua.png,1065
allianzlifebali.com.png,1066
hansa-flex.at.png,213
statkraft.ie.png,178
svndesertcommercial.com.png,1067
aamcotransmissionsknoxville-kingstonpike.com.png,13
funiber.it.png,78
kia-wandscher-oldenburg.de.png,214
billygraham.ca.png,1068
cvjm-gomaringen.de.png,1069
kumon.com.co.png,1070
allianz.ua.png,598
steinbacher.pl.png,238
duracell.co.za.png,68
algeco.at.png,216
ccusa.co.za.png,474
kia-kroppen-herten.de.png,1071
bakertillylb.com.png,29
mazda-autohaus-goedde-meschede.de.png,5
cdlcuritiba.org.br.png,1072
demeter.ch.png,1073
mercyships.fr.png,91
toupret.ch.png,1074
infiniti-jordan.com.png,1075
stadtwerke-heidenheim-regio.de.png,1076
spitex-gaeu.ch.png,51
oilfieldequipments.us.png,1077
medef-aura.fr.png,92
sprachcaffe-muenchen.com.png,1078
clearblueionizer.be.png,673
hometowninsurance.us.png,598
pcllawyersfrankston.com.au.png,1079
culliganlansing.com.png,99
skoda-nancy.fr.png,599
manpowergroup.cz.png,741
esseskincare.no.png,1080
daikin.al.png,62
renault.pe.png,1081
ikea.ee.png,994
grantthornton.bg.png,228
mazda-uae.com.png,183
linak.de.png,174
duraclean.net.png,1082
bestwesternbraddock.com.png,1083
allianz.lu.png,1084
aamcopasadenaca.com.png,9
eurotradus.eu.png,238
culliganbrighton.com.png,36
grantthornton.com.pa.png,228
dopplerumbrellas.com.au.png,1085
flashbay.ca.png,120
pkf.ch.png,116
kia-auto-center-weiterstadt.de.png,214
tbwa.co.za.png,105
wurth.ae.png,852
toyotakar.com.tr.png,18
pragroup.de.png,100
veolia.nl.png,222
trulynolenalagoas.com.br.png,441
pefc.se.png,353
hertz.com.ge.png,1086
starbucks.com.sg.png,1087
msmode.lu.png,602
bakertilly.lk.png,29
bioderma.sg.png,40
mazda-autohaus-ludwig-halle-neustadt.de.png,11
bbraun.pt.png,766
infiniti-dubai.com.png,1013
heydudeshoes.es.png,1088
fmc-mexico.com.png,1089
aamcoburbank.com.png,9
duracell.es.png,68
savethechildren.nl.png,274
vectorinfotech.my.png,1090
aamcocorvallisor.com.png,13
ymcasf.org.png,1091
entergy-neworleans.com.png,362
aamcowalnutcreekca.com.png,9
azets.ie.png,1092
aamcodowneyca.com.png,13
mazdaofconshohocken.com.png,11
miniso-au.com.png,534
patheon.kr.png,123
mazda-autohaus-tietje-holmb-wedel.de.png,11
rubiomonocoat.com.pl.png,1093
mazda-autohaus-grasdanner-holzkirchen.de.png,11
meggle-foodingredients.de.png,1094
lindt.es.png,327
ebay.it.png,159
genan.com.png,765
siebtechnik-tema.com.au.png,1095
bosch-climate.com.tr.png,58
vedanta-zincinternational.com.png,1096
julis-nuernberg.de.png,1097
medeforne.fr.png,92
bbraun.hr.png,40
linexcoloradosprings.com.png,1098
greatplacetowork.be.png,21
intersport.dk.png,187
decathlon.com.br.png,676
nexigroup.com.png,67
baywa-re.co.kr.png,332
renaultbank.es.png,1099
sprachschule-aktiv-passau.de.png,1100
globalconnectgroup.com.png,253
aliaxis.be.png,227
berlitz-augsburg.de.png,113
medef-mayenne.com.png,92
murrelektronik.in.png,139
aamcoofgreensboro.com.png,13
spitexbuchs.ch.png,51
aliaxis.bg.png,1101
mapfre.com.gt.png,520
kia-daehn-goeritz.de.png,214
kiairaqnim.com.png,83
europcar.rs.png,853
aamcocovinaca.com.png,9
mazda-autohaus-mueller-und-thurnes-tholey.de.png,5
mazda-warszawa-bemomotors.pl.png,269
hannainst.hr.png,716
crif.sk.png,1102
gjwnwd.de.png,223
aamcopeoria-az.com.png,9
thegoodlobby.fr.png,1103
buydaikin.ro.png,48
bakertilly.vg.png,29
mersen.com.br.png,346
jll.lu.png,128
aamcomorganhill.com.png,9
pmcorp.mx.png,1104
lamborghini-zh.ch.png,107
whatsonsaudiarabia.com.png,1105
spitex-bodensee.ch.png,51
mazda-automobile-weberpals-sonneberg-hoenbach.de.png,11
aamcooverlandpark.com.png,9
aamcoantiochca.com.png,13
hondamurcia.com.png,1064
cardif.pl.png,493
aamcoeastonpa.com.png,13
nordicpharma.fr.png,53
murrelektronik.pl.png,139
miniso.com.ec.png,938
mazdaofescondido.com.png,238
toysrus.com.sa.png,453
medef-paysdelaloire.fr.png,92
abc-autoglas.de.png,1106
worldvision.co.png,134
getscsadmin.com.png,1107
compo-hobby.it.png,433
subway-franchise.fr.png,369
nestle.hr.png,470
spg-motoren.de.png,1108
worldvisionamericalatina.org.png,1010
baywa-re.fr.png,332
renaultcancun.com.mx.png,1109
ikea.is.png,994
aamco-omahasouth.com.png,13
mazda-autohaus-wagner-dortmund.de.png,5
gs1.org.bo.png,1110
isover.co.kr.png,130
atalian.lu.png,37
eccreditcontrol.com.au.png,23
wurth.co.png,1111
toyota-indus.com.png,283
mazdafwb.com.png,79
ibc-solar.it.png,1112
culliganlacrosse.com.png,36
holidayland-bruchkoebel.de.png,310
atalian.cz.png,1113
tributek.com.png,1114
saint-gobain.com.co.png,1115
polarysgroup.eu.png,1116
foxinaboxgoldcoast.com.png,760
toyotaploiesti.ro.png,18
ikea.com.hk.png,994
funiber.sn.png,78
techmatrix-asia.com.png,1117
pingusenglish.my.png,794
remax.fi.png,1118
ampersand-world.com.png,1119
veoliawatertechnologies.de.png,337
airbnb.nl.png,38
asendiausa.com.png,200
globalconnectcarrier.com.png,253
culliganwisconsin.com.png,99
aamcodelran.com.png,9
mazda-autohaus-schmidt-meschede.de.png,5
bestdrive.ie.png,1120
vans.com.au.png,810
bakertillymlt.se.png,29
infiniti.com.pa.png,124
hondasemarangcenter.com.png,1121
nobleprog.co.th.png,62
petercem-sensors.com.png,1122
sprachschule-aktiv-kaiserslautern.de.png,1123
europa-union-diepholz.de.png,233
pkf.co.uk.png,563
entergy-texas.com.png,362
rotary7610.org.png,1124
spitex-flawil-degersheim.ch.png,215
richs.co.uk.png,1125
kumon.com.ar.png,766
bosch-industrial.com.png,181
shopee.vn.png,167
veoliawatertechnologies.it.png,23
greatplacetowork.com.pe.png,21
pkf.swiss.png,563
bbraun.com.my.png,605
demeter.at.png,334
linak-latinamerica.com.png,174
mazda-autohaus-gollan-hamm.de.png,11
eurofinsfoodtesting.com.png,697
chip.pl.png,1126
zkteco.com.eg.png,623
cvjm-dettingen.de.png,1127
kia-penning-zetelneuenburg.de.jpg,64
indianmotorcycle.com.ar.png,1128
aamcopennsaukennj.com.png,9
kelloggs.fr.png,211
crocs.pl.png,1014
kawasaki-magdeburg.de.png,107
msd-animal-health.co.uk.png,766
genya.it.png,106
hyundaicentralsales.com.png,1129
freseniusmedicalcare.ca.png,280
flashmed-lb.com.png,410
aamcowoodstock-mainst.com.png,9
wurth.lv.png,540
aonsolutions.gr.png,408
aamcokcnorth.com.png,13
esseskincare.nl.png,642
menicon.es.png,238
wuerth.bg.png,1130
medef-ardennes.com.png,1131
fmc-symposium.cz.png,995
culliganslc.com.png,1132
tridentseafoods.jp.png,1133
mazda-autohaus-bolluck-goslar.de.png,5
boschtools.com.png,1134
insize.com.br.png,1135
aamcochannelviewtx.com.png,9
svnchicagopm.com.png,845
carlsjr.fr.png,1136
mateco.nl.png,197
kia-penning-zetelneuenburg.de.png,75
mazda-autohaus-hellwig-hoyerswerda.de.png,5
honda-lille.com.png,409
aamcomcallen.com.png,9
isover.com.br.png,202
hansa-flex.us.png,213
chubblifefund.com.vn.png,1137
servier.co.th.png,636
servier.it.png,22
nobleprog.com.ar.png,23
axa-assistance.cz.png,837
subaru-bd.com.png,967
kia-bachmann-wehretal.de.png,75
hertz.yt.png,1086
fleishmanhillard.ph.png,144
aamcowestbroward.com.png,13
engieservices.us.png,241
ovb.gr.png,8
culliganmichigan.com.png,99
sompo-intl.com.png,1138
aamcostroudsburg.com.png,9
bauder.fr.png,53
century21viaplus.be.png,37
aamcovictorvilleca.com.png,13
euromaster.cz.png,1139
santander.com.mx.png,633
viacon.fi.png,715
spitexrl.ch.png,51
santanderconsumer.se.png,633
lamborghini-cannes.com.png,1140
tupperware.it.png,53
aamco-omahawest.com.png,13
hendersonkyedc.com.png,1141
nikonclub.fr.png,1142
sackit.no.png,118
microbit.nl.png,1143
kia-maier-cham.de.jpg,64
invisalign.ch.png,532
toyota-ulrichshofer.at.png,314
aamcocollegestationtx.com.png,199
advantisengineering.com.png,1144
budgetoman.com.png,1145
daad-australia.org.png,77
mazda-autohaus-lommel-grettstadt.de.png,11
benu.lt.png,536
kia-poeschl-bensheim.de.png,214
sealy.co.kr.png,1146
avis.co.mw.png,577
kia-maier-cham.de.png,75
unicharm.co.in.png,276
job-impulse.us.png,685
aamcooklahomacity-northwest.com.png,9
mazda.ph.png,119
cdvi.ca.png,620
mazda-autohaus-sturne-rochlitz.de.png,11
spitexaadorf.ch.png,51
aamcotulsa-brokenarrow.com.png,13
daikin-iraq.com.png,62
amphenolaudio.com.png,58
cinnabon.mx.png,1147
synlab.com.ng.png,238
veka.pt.png,42
medef-dromeardeche.fr.png,92
berlitzph.com.png,302
toyotacetas.com.tr.png,90
lindt.com.mx.png,1148
fronticsamerica.com.png,1149
davesmithfordonline.net.png,1150
kiaofwestchester.com.png,1151
aamcofrederickmd.com.png,9
advocaremorristownpediatrics.com.png,422
altengt.com.png,1152
aamcomanchesterct.com.png,13
wuerthmarket.ru.png,540
internationalsos.no.png,1153
gs1.ro.png,237
bbraun.fi.png,40
benu.ch.png,1154
jll.ch.png,1155
altenromania.ro.png,371
starbucks.com.gr.png,1087
aamconorwalk.com.png,9
pefc.dk.png,1156
synlab.hr.png,834
aviabienert.de.png,727
veoliawatertech.com.png,23
servier.si.png,22
culliganquadcities.com.png,77
bbraun.hu.png,40
bauder.rs.png,53
toyotaborovali.com.tr.png,18
lamborghini-frankfurt.com.png,1157
bakertilly.uy.png,29
louisdepoorterestore.com.png,1158
spitexzug.ch.png,558
narscosmetics.co.uk.png,544
mazda-autohaus-doerenkaemper-bad-hersfeld.de.png,11
toyotapasongtamo.com.png,1159
murrelektronik.com.cn.png,139
arkaybeverages.com.png,1160
aamcocharlottesville.com.png,9
reedglobal.ae.png,141
jetfriorefrigeracao.com.br.png,1161
lamborghini-berlin.com.png,1162
reedglobal.cz.png,85
julis-rhein-berg.de.png,1163
murrelektronik.se.png,139
servier.es.png,636
experian.com.hk.png,898
bakertilly.bg.png,29
tasuki-holdings.co.jp.png,1164
mazda.gr.png,5
santillana.com.ar.png,162
toysrus.com.ph.png,453
tupperware.es.png,107
fmlogistic.com.ua.png,2
pearsonclinical.co.uk.png,384
linde-gas.fr.png,121
asendia.at.png,200
mazda-ma.com.png,1165
bioderma.pl.png,40
avon.co.mu.png,1166
aamcoeastbrunswick.com.png,13
topdoctors.cl.png,1167
mazda-autohaus-schneider-sondershausen.de.png,5
acuraofwappingersfalls.com.png,1168
aamcolexingtonparkmd.com.png,9
kiaonline.dk.png,83
astrazeneca.com.tr.png,148
aamcogaithersburgmd.com.png,13
amway.ch.png,168
printsasia.com.png,1169
cdvielectronics.com.png,789
aamcofontanaca.com.png,9
allianz.ma.png,380
toyota.com.mk.png,1170
toyota.com.np.png,117
toolstationjobs.nl.png,1171
aamcoinglewoodca.com.png,9
kia-gorny-eislingen.de.png,75
sofrecogroup.com.png,1172
lamborghini-paris.com.png,107
aamcowashingtondc.com.png,9
intersport-martinique-guadeloupe.fr.png,187
mooresingapore.com.png,1173
veoliawatertechnologies.es.png,23
medef-ain.fr.png,92
hansa-flex.co.uk.png,1174
kelloggs.gr.png,211
asieris.com.png,1175
bbraun.com.br.png,40
kern-liebers.it.png,1176
einhell.rs.png,44
einhell.pl.png,44
aamcola-culvercity.com.png,9
toyotaalbania.al.png,107
kia-gorny-eislingen.de.jpg,64
strabag-pfs.com.png,1177
modshair.co.nz.png,58
avia.nl.png,727
mazdaofmilford.com.png,58
pkfcs.co.nz.png,116
aamcosouthloopautorepair.com.png,9
algeco.cz.png,645
netterden.com.png,1178
spitex-regionbirs.ch.png,932
nexi.gr.png,687
statkraftvarme.no.png,178
mercyships.dk.png,91
isover.bg.png,174
gs1al.org.png,1110
lamborghinimontreal.com.png,1179
medef-aude.com.png,92
baywa-re.pl.png,332
bonprix.se.png,1018
aamconewportnews.com.png,9
aamcopuyallupwa.com.png,9
cfmotobenelux.eu.png,37
sonepar.cz.png,1180
mapfre.pr.png,1181
aamcolongbeachca.com.png,13
aamcomorrisvillepa.com.png,9
aamcospringfieldva.com.png,9
rubiomonocoatusa.com.png,1093
kynixsemiconductor.com.png,1182
actemium.ca.png,295
delreg.com.png,1020
mazda-automobile-maier-cham.de.png,5
ccusa.sk.png,474
veoliawatertechnologies.fi.png,1183
aamcocolumbus-clevelandave.com.png,13
mazdacorpuschristi.com.png,53
lightspeedhq.fr.png,486
medef-franche-comte.com.png,92
cfmoto.com.tr.png,1184
mazda-autohaus-moellenkamp-rheine.de.png,11
glamsmile.be.png,1185
mazda-autohaus-tillack-perleberg.de.png,5
culliganlasvegas.com.png,99
meggle-bakery.com.png,419
hansa-flex.com.cn.png,1186
europa-union-bremen.de.png,233
wurthcanarias.es.png,1187
aamcosalemor.com.png,9
allianz.nl.png,380
truemoney.com.vn.png,1188
ibc-solar.es.png,1189
berlitzhautsdefrance.fr.png,1190
menicon.de.png,238
grantthornton.az.png,228
wurth.nl.png,115
aamcosanrafaelca.com.png,9
deheus.com.vn.png,709
metlife.com.uy.png,798
mazda-tarnowskiegory-mirai.pl.png,269
kia-trinkle-schorndorf.de.png,214
kuestarubber.com.png,1191
toyota-bauer.at.png,314
mazdaofwooster.com.png,23
intersport-arc2000.com.png,187
culliganadvantage.com.png,99
linde-gas.com.png,121
bbraun.pe.png,62
aamcogastonianc.com.png,13
keytitlegroupsa.com.png,1192
andre-media.it.png,1193
worldvision.bo.png,134
cdljatai.com.br.png,1194
aamcowintervillenc.com.png,13
spitex-wiggertal.ch.png,51
hertz.com.do.png,177
servier.hu.png,636
mapfre.com.py.png,520
ccusa.com.au.png,474
habitatindiana.org.png,127
culligantotalwateriowa.com.png,99
nestle.ir.png,15
toyotabatangas.com.ph.png,1195
msd-animal-health.be.png,336
veolia.cz.png,222
isuzu-vietnam.com.png,408
toyotaconstanta.ro.png,18
dfsk.tn.png,1196
sitechdo.com.mx.png,1197
aamcobradenton.com.png,9
dulux.in.png,1198
ford.lviv.ua.png,153
moore.swiss.png,238
toyotaaykon.com.tr.png,1199
aamco-chesapeakeva.com.png,9
edenred.com.ar.png,12
cfmotoperu.com.png,1184
aamcohouston-veteransmemorial.com.png,9
synlab.ec.png,1200
papajohns.ma.png,894
invisalign.ae.png,532
statkraft.com.tr.png,178
murrelektronik.fr.png,139
cinnabon.ca.png,632
future-x.at.png,1201
avia-unimot.com.ua.png,578
ardex.pl.png,550
bonprix-fl.be.png,944
furuno.it.png,53
solatube.no.png,1022
edenredrewards.co.in.png,1202
nestle.ro.png,470
moore.es.png,915
aamcoconcord.com.png,9
mazda-autohaus-wassing-ahaus-wuellen.de.png,11
aamconorthridgeca.com.png,9
platingsystems.info.png,1203
adfc-radtourismus.de.png,1204
bioderma-india.in.png,40
tescomobile.sk.png,948
dulux.pl.png,360
mazda-autohaus-stiefel-muehlacker.de.png,11
nobleprog.mx.png,23
kia-bandung.com.png,1205
nestle.com.py.png,470
santander.com.uy.png,1206
mazda-autohaus-baumgart-altensteig.de.png,5
culliganuppercumberland.com.png,37
veolia.com.ru.png,1046
mazda-autopark-rath-krefeld.de.png,11
aamcoblog.com.png,9
globalconnect.de.png,253
aamcosurprise.com.png,9
ebay.co.kr.png,1207
mffshopen.se.png,1208
nestle.si.png,470
benu.nl.png,1154
servier.com.br.png,1209
veka.hu.jpg,1210
goliathgames.es.png,552
gracehomes.us.png,1211
shahshalalfood.com.png,1212
culliganphoenix.com.png,36
europa-union-hessen.de.png,1213
starkeypro.com.au.png,404
pkfcaribbean.com.png,17
synlab.de.png,345
toyotacavdarli.com.tr.png,18
inductothermgroup.com.br.png,131
nissanmiddletownny.com.jpg,1214
protectourwinters.de.png,1215
toysrus.com.sg.png,1216
ardex.dk.png,142
pirtek.be.png,286
axa-assistance.ma.png,25
rotaryclubmedellin.org.png,218
veka.hu.png,1210
astrazeneca.ca.png,148
logmaxbr.com.br.png,1217
pearson.com.cn.png,1218
aamcowoodbridgeva.com.png,9
meggle.co.jp.png,419
duracell.it.png,68
nissanmiddletownny.com.png,1219
malerasstockholm.se.png,107
enefitvolt.com.png,1220
mazda-warszawa-auto2000.pl.png,269
bbraun.ro.png,40
aamcorandallstownmd.com.png,9
europa-union-sachsen-anhalt.de.png,233
savethechildren.org.au.png,240
servier.co.uk.png,22
airbnb.com.br.png,339
subway.com.my.png,369
desjoyauxgh.com.png,1221
bakertilly.ng.png,29
europa-union-niedersachsen.de.png,233
bakertilly-ca.com.png,29
atalian.nl.png,1222
ebay.com.tw.png,1223
kiaofstcatharines.com.png,185
sprachschule-aktiv.de.png,1224
pragroup.fi.png,100
planncosteels.com.png,784
stanbicbank.co.ke.png,936
honda-strasbourg.com.png,4
kia-jaeger-bevern.de.jpg,64
spitex-appenzellerland.ch.png,51
toyota-chartres.fr.png,514
toyota-saint-victoret.com.png,18
nestle.co.kr.png,15
amway.at.png,168
toyotakuzen.com.tr.png,90
kia-christ-ansbach.de.png,214
stora-drain.be.png,1225
papajohns.com.tr.png,24
metagenics.co.jp.png,37
berlitzmanchester.com.png,503
kia-hotz-gardelegen.de.png,75
medef-corse.com.png,92
hyundai.ge.png,53
annotext.de.png,106
plameco-hannover.de.png,478
wuerth.com.hr.png,53
glintinc.com.png,1226
avia.ch.png,727
grantthornton.tn.png,228
mtn.co.rw.png,398
kia-hotz-gardelegen.de.jpg,64
mitsubishielevator.co.kr.png,53
krugerkaldnes.no.png,222
shimadzu.com.cn.png,1227
airbnb.cz.png,38
zhcpa.cn.png,1228
toyotasarar.com.tr.png,18
toyotaelpa.com.tr.png,18
daikin.mk.png,62
sonepar.co.png,1229
pkfboston.com.png,761
isover.be.png,309
renault.jo.png,1230
eftech-international.com.png,1231
adra.ca.png,401
experian.in.png,898
kia-jaeger-bevern.de.png,75
metlife.com.bd.png,87
budatec.de.png,462
mazda-autohaus-schmidt-oschatz.de.png,5
repsol.com.mx.png,277
airbnb.cl.png,38
toyotaoztoprakhatay.com.tr.png,18
kia-levy-wittenberg.de.png,214
honda-bordeaux.com.png,409
heliosstrategia.pl.png,1232
honda-melun.com.png,1233
jdm.com.pe.png,449
decathlon-karriere.de.png,137
aamcokellertx.com.png,13
culliganbetterwater.com.png,739
manpowergroup.ch.png,1012
wuerth.com.kh.png,1234
duracleanmaine.com.png,1235
ccusa.co.uk.png,474
manpowergroup.no.png,741
kumon.com.bo.png,390
bellaplanta.de.png,1236
honda-nig.com.png,1237
lueck-gruppe.de.png,713
einhell.dk.png,44
mazda-wroclaw-wrobel.pl.png,638
vans.com.ar.png,1238
monster.be.png,328
top1toysbleijenberg.nl.png,1239
gulfoil.co.uk.png,424
aamcotemeculaca.com.png,13
linak.es.png,174
spp.cz.png,1240
kiaofmuncie.com.png,1241
ealang.com.cn.png,1242
wurthsaudi.com.png,1243
aamcocapistranobeachca.com.png,13
metlife.cl.png,87
wuerth.my.png,707
ymcaswv.com.png,649
chicco.com.mx.png,368
vkf-renzel.bg.png,75
ikea.co.id.png,807
culliganlemars.com.png,99
ikea.com.do.png,807
culliganwaterburlington.com.png,77
spitex-region-zofingen.ch.png,51
toyota-rambouillet.fr.png,349
mazda-autohaus-kramer-kirchberg.de.png,5
mapfre.com.sv.png,123
experian.co.nz.png,898
securitas24.de.png,1244
allianz-genc.de.png,234
husse.hu.png,1245
santillana.com.co.png,162
affidea.ch.png,34
culliganwaternebraska.com.png,36
mazda-autohaus-wedding-engelskirchen-albertsth.de.png,5
lidl-ni.co.uk.png,912
carlsjr.com.sg.png,347
murrelektronik.com.tr.png,139
bigfootdigital.co.uk.png,640
svnefird.com.png,225
nestle.fi.png,15
bimeda.ie.png,346
ymcaup.org.png,378
veolia.cn.png,1046
subaru.com.np.png,967
repsol.in.ua.png,1246
engie.co.uk.png,182
murrelektronik.sg.png,139
allianz-handwerker.de.png,598
ardex-france.fr.png,142
einhell.co.uk.png,44
lindt.de.png,1056
baywa-re.com.au.png,332
servier.sk.png,22
jll.nz.png,128
culliganh2o.com.png,1247
wwfcz.org.png,1248
kiaofoldsaybrook.com.png,351
pkfuae.com.png,978
mycabin.ie.png,640
salvationarmy.org.sg.png,311
medef-pays-basque.fr.png,92
elderhouseadc.com.png,676
cvjm-muenchberg.de.png,1069
rinnai.com.tw.png,939
veolia.com.sg.png,222
subaru.mt.png,967
promstahl.de.png,1249
nutricia.be.png,1250
aamcoerlanger.com.png,9
aamcostatenisland.com.png,9
culligantotalwaterbaraboo.com.png,99
