Filepath,phash
synergie.com.png,1
bcurelaser.com.png,2
mazda-autohaus-fritsche-grossschoenau.de.png,3
ovb.ro.png,4
luminishealthcareers.org.png,5
honda-metz.com.png,6
aamcoglendaleoldtown.com.png,7
fmlogistic.cz.png,8
linde-gas.sk.png,9
savethechildren.org.uk.png,10
fluidmasteruk.com.png,11
toyotagocmenturk.com.tr.png,12
pkf-dominicana.com.png,13
toyota-magny.fr.png,14
mazda-autohaus-hamester-hamburg-bergedorf.de.png,3
aamcocatonsvillemd.com.png,7
nestle.se.png,15
edenred.com.uy.png,16
aamcoalbuquerque.com.png,17
stosignature.com.png,18
subway.com.tw.png,19
greatplacetowork.mu.png,20
servier.ru.png,21
aamcopottstownpa.com.png,7
tanameracoffee.com.png,22
servier.com.ar.png,23
mazda-autohaus-hansmann-kassel.de.png,3
crif.hk.png,24
pkf.com.tr.png,25
veolia.bg.png,26
axa.dz.png,27
bakertilly.cl.png,28
ibc-solar.co.za.png,29
culliganflint.com.png,30
smittysmb.ca.png,31
prioritymanagementscotland.co.uk.png,32
affidea.ba.png,33
aquatherm-belux.be.png,34
airbnb.com.ar.png,35
sunnybrookprintshop.ca.png,36
mitsubishielectric.com.cn.png,37
bbraun.pk.png,38
aamcoescondido.com.png,7
miniso.nc.png,39
veka.fr.png,40
mazda-autohaus-torp-wilhelmshaven.de.png,3
crocs.co.nz.png,41
inductothermhw.com.png,42
webster.nl.png,43
mazda-autohaus-boehme-lutherstadt-wittenberg.de.png,3
einhell.hr.png,44
cdviberica.com.png,45
h2oinnovation.mx.png,46
spitexgossau.ch.png,47
mitsubishi-motors.com.om.png,48
toyotaefe.com.tr.png,49
daikinitalyshop.it.png,50
roca.co.th.png,51
toyota.com.co.png,52
julis-sachsenanhalt.de.png,53
toyotaquezonavenue.com.ph.png,54
warmupdeutschland.de.png,55
wwf.ro.png,56
kia-guadeloupe.com.png,57
kia.co.sz.png,58
daikinqatar.com.png,59
aamcoredlandsca.com.png,60
howdenoze.pl.png,61
saint-gobain-glass.co.uk.png,62
ubicast.tv.png,63
abilways.be.png,64
kia-car-center-wismar.de.jpg,65
wedos.com.jpg,66
duracell-me.com.png,67
bbraun.co.uk.png,68
nexi.hr.png,69
shimadzu-la.com.png,70
decathlon.cz.png,71
howdenoze.pl.jpg,72
spitexrontalplus.ch.png,47
menschenfuermenschen.at.png,73
jscosccha.com.png,74
ymcawaycross.com.png,75
nutriciababy.be.png,76
pilotpen.eu.png,77
mazdaofportcharlotte.com.png,78
kia-car-center-wismar.de.png,79
culligangrandisland.com.png,80
aamcomanassasva.com.png,7
funiber.fr.png,81
kia.pt.png,82
starkey.co.kr.png,83
wedos.com.png,66
reedglobal.com.tr.png,84
isover.cz.png,85
pingusenglish.vn.png,86
chicco.com.tw.png,87
ymcachicago.org.png,88
airbnb.be.png,35
metlife.com.ar.png,89
idealindustries.cn.png,90
toyota-rillieux.fr.png,91
gulfoilchina.com.png,92
aamcohagerstownmd.com.png,7
greatplacetowork.com.py.png,93
amnesty.org.ph.png,94
childrenandteendentalfl.com.png,95
mercyships.de.png,96
toysrus.pt.png,97
airbnb.ca.png,35
besins-healthcare.com.mx.png,98
daikin-china.com.cn.png,99
medef-seine-estuaire.fr.png,100
intersport-crestvoland.com.png,101
culligantoledo.com.png,102
trakm8.cz.png,103
medef-htcis.com.png,104
anadolumedicalcenter.al.png,105
tbwa.co.nz.png,106
pragroup.se.png,107
melgarcases.com.png,108
stoag.ch.png,109
modshair-koeln-city.de.png,110
bizfilings.com.png,111
soneparthailand.com.png,112
rexel.it.png,113
aamcoscottsdaleroad.com.png,7
xwiftracingevents.be.png,114
kia-exner.de.png,115
sprachschule-aktiv-basel.ch.png,116
pilotpen.com.au.png,117
aamcoabingtonpa.com.png,7
brother.cn.png,118
toyota.com.la.png,119
aamcoanaheim.net.png,7
cinnabon.com.tr.png,120
mazda.com.tr.png,121
aamcodovernj.com.png,7
ecochillers.net.png,122
pkfea.com.png,123
honda.com.hk.png,124
wurth.lk.png,125
flashbay.no.png,126
infiniti.com.do.png,127
kiamarin.com.png,128
metlife.com.tr.png,129
adeccome.com.png,130
culliganromeo.com.png,102
bbraun.com.vn.png,38
linde-finance.com.png,131
mazdaoflodi.com.png,132
mazdaofnorthmiami.com.png,133
mazda-autohaus-roeser-grossmaischeid.de.png,3
vbh.hr.png,134
ccusa.co.nz.png,135
bestdrive.pl.png,136
spie-wirliebenkabel.de.png,137
sto-sea.com.png,138
habitatbroward.org.png,139
kind-der-stadt.at.png,140
inductotherm.com.au.png,141
bbraun.ru.png,142
intersport.sk.png,143
bakertilly.lu.png,28
isover.ua.png,144
spitex-muellheim.ch.png,47
worldvision.al.png,145
mazda-autohaus-fenzl-hauzenberg.de.png,3
aonhewitt.com.cy.png,146
wurth.co.ke.png,147
aamcowestpalmbeach.com.png,7
ringcontainers.co.uk.png,148
customneon.com.au.png,149
hertzhn.com.png,150
ardex.eu.png,151
movingstarsinc.com.png,152
reedglobal.bg.png,153
medef79.fr.png,100
aamcoclaymontde.com.png,7
catsprotectionshop.co.uk.png,154
analytik-jena.ru.png,155
kiaofbillings.com.png,156
axa.com.br.png,27
duracell.in.png,67
murrelektronik.ro.png,157
murrelektronik.sk.png,157
apolloclinicguwahati.co.in.png,158
unitecnica-us.com.png,159
solatube.com.cn.png,160
wurth-international.com.cn.png,161
saint-gobain.ru.png,162
wuerth.co.th.png,163
aamcoelcajon.com.png,7
bimedasuramerica.com.png,164
africell.ao.png,165
garminstore.com.br.png,166
astrazeneca.ua.png,167
foxinaboxbrisbane.com.png,168
experian.co.uk.png,169
habitatns.ca.png,170
aamconewwindsor.com.png,7
martinavenueshops.com.png,171
mazda-lodz-matsuoka.pl.png,172
ford.pl.ua.png,173
invisalign.co.kr.png,174
bauer-egypt.com.png,175
kia-crimea.ru.png,176
kalyanmachines.com.png,177
bioderma.ec.png,178
ford.dn.ua.png,173
subaru.nc.png,179
crif.pl.png,180
tchibo.cz.png,181
aamcosuffolkva.com.png,7
desjoyaux.com.cn.png,182
mazdabali.co.id.png,183
ebay.fr.png,184
subaru.com.tr.png,185
duracell.pl.png,67
msd.es.png,186
aamcophoenixcentral.com.png,7
santillana.com.uy.png,187
toyotatokullar.com.tr.png,188
mazda-service-koch-ludwigsfelde.de.png,3
aamcopinevillenc.com.png,189
domcortraffic.ca.png,190
greatplacetowork.ch.png,93
tensar.com.cn.png,191
carter-benson.com.png,192
shopee.co.th.png,193
yonyou.com.hk.png,194
zkteco.co.za.png,195
pearsonclinical.com.au.png,196
furuno.gr.png,197
einhell.com.ar.png,44
daikinczech.cz.png,198
amway.com.do.png,199
spitex-regiokirchspiel.ch.png,47
aamcophilly-frankfordave.com.png,7
orange.sn.png,200
bakertilly.com.ve.png,201
aamcoeastmesa.com.png,7
analytik-jena.fr.png,155
mazda-autocentrum-engin-holzminden.de.png,3
aamcofortlauderdale-dixiehwy.com.png,17
mazda-service-metz-marne.de.png,3
mitsubishielectric.se.png,202
lindt.dk.png,203
renault-tessenderlo.be.png,204
murrelektronik.es.png,157
hertz.am.png,205
aamcohightstownnj.com.png,7
culliganchampaign.com.png,30
statkraft.com.br.png,206
siiora.org.png,207
sonepar.com.sg.png,208
julis-mfr.de.png,209
boschautoparts.com.png,210
equans.hu.png,211
engie.nl.png,212
nestle.do.png,15
adecco.com.vn.png,213
mazda.de.png,214
remaxcrystal.com.png,215
nordicpharma.it.png,216
kiaofabilene.com.png,217
bbraun.ph.png,38
svnnc.com.png,218
linde-gas.ee.png,131
thebodyshop.ee.png,219
intersport.si.png,220
bonprix.fi.png,115
secureparking.com.lb.png,221
linde-gas.fi.png,131
mazda-autohaus-hansmann-melsungen.de.png,3
vkf-renzel.cz.png,222
toyotaaydogan.com.tr.png,223
thebodyshop.fi.png,219
shimadzumea.com.png,224
mazda-autohaus-gerhard-figge-waldeck-hoeringhausen.de.png,3
starbucks.in.png,225
attijariwafabank.com.eg.png,226
carglass.ma.png,227
medef-seineetmarne.fr.png,228
budget.com.do.png,229
medicover.de.png,230
toyota.ae.png,231
cdlcampina.org.br.png,232
mazda-poznan-voyager.pl.png,233
remax-go.com.ar.png,234
einhell.de.png,44
mateco.bg.png,235
orange.co.bw.png,236
aamcoconyersga.com.png,7
tts-group.at.jpg,237
honda-larochelle.com.png,6
culliganallegan.com.png,30
aamcogreensburgpa.com.png,238
cfmoto.com.br.png,239
renault.dk.png,240
aamcobristolpa.com.png,7
jungheinrich.cn.png,241
bbraun.com.ar.png,38
brother.com.pe.png,242
aamcolaurelmd.com.png,7
mazda-autohaus-berlenbach-bergischgladbach.de.png,3
aamcobrookfieldwi.com.png,7
metlife.com.cy.png,243
isover.lv.png,244
pepsico.rs.png,245
toyotaotojen.com.tr.png,12
tts-group.at.png,246
stampinup.ca.png,247
siebtechnik-tema.cn.png,248
pkfthailand.asia.png,249
disneychannel.co.za.png,250
ohb-system.de.png,251
algeco.com.png,252
shimadzu.com.br.png,253
aamcobakersfield-whiteln.com.png,7
mazda-autohaus-haeusler-fuerstenfeldbruck.de.png,3
williamblairfunds.com.png,254
kia-burian-celle.de.jpg,65
aamcooflascruces.com.png,255
hansa-flex.be.png,256
kelloggs.it.png,257
spitex-trevalli.ch.png,258
kia-telke-badschlema.de.png,259
thebodyshop.si.png,260
aeccglobal.co.th.png,261
mazda-autohaus-kilger-regen.de.png,3
wwf.es.png,262
algeco.be.png,263
soneparusa.com.png,264
remax-pinneberg.de.png,265
rotary.no.png,266
mazda-autohaus-roessel-birkenau.de.png,3
gjw-bb.de.png,267
pilotpen.it.png,268
mazda-autohaus-weber-magdeburg.de.png,3
deheus.co.in.png,269
veoliawatertechnologies.fr.png,270
whirlpool-bangladesh.com.png,271
kia-h-p-schiffweiler.de.png,79
honda-grenoble.com.png,6
culliganindiana.com.png,102
daikindevice.cz.png,272
santanderuniversidades.com.mx.png,273
remax-lueneburg.de.png,265
dahmira.kz.png,274
misterwhat.nl.png,275
daikinmalaysia.com.png,276
kia-h-p-schiffweiler.de.jpg,65
bbraun.com.tr.png,38
hyundai.sn.png,277
toofacedcosmetics.jp.png,278
aamcomiddletownny.com.png,17
daikin.com.sg.png,279
grantthornton.ci.png,280
maxus-norddeutschland.de.png,281
norauto-empleo.es.png,282
kia-burian-celle.de.png,79
ibc-solar.jp.png,283
sekulin-allianz.de.png,284
europa-union-havelland.de.png,285
mazda-autohaus-thoss-falkenstein.de.png,3
tupperware.fr.png,286
mazda-autohaus-dorner-riedlingen.de.png,3
batistareisfloresonline.com.br.png,287
linde-gas.es.png,131
mazda-autohaus-wilhelm-huellhorst.de.png,3
canon.com.br.png,288
bakertilly.lv.png,28
canonburgos.com.png,289
viessmann.ua.png,290
skybusiness.co.nz.png,291
wurth.com.do.png,292
gs1.dk.png,293
einhell.com.tr.png,44
bbraun.se.png,38
benlomondinc.com.png,294
airbnb.com.co.png,35
savethechildren.ca.png,295
engieresources.com.png,296
nordicpharma.de.png,297
sixty8.ro.png,298
jungheinrich.com.br.png,299
veolia.be.png,300
aiesecaustralia.org.png,301
kia-moeller-wunstorf.de.png,79
aamcobloomfield.com.png,17
dairyqueenobx.com.png,302
ardex.de.png,303
veolia.ca.png,304
hertz-tilburg.nl.png,305
intersport.hu.png,306
vbh.de.png,134
julis-bayern.de.png,307
spitex-wasseramt.ch.png,47
aamcoutah.com.png,308
hyundaigatineau.ca.png,309
renaultcoatzacoalcos.com.mx.png,310
nissanofgardencity.com.png,311
pkf.com.cy.png,312
murrelektronik.fi.png,157
seqens.fi.png,313
cdvi.ch.png,314
faacentrancesolutions.be.png,315
honda-mulhouse.com.png,6
kia-moeller-wunstorf.de.jpg,65
culliganofofallon.com.png,30
mazda-rzeszow-czach.pl.png,316
storisell.com.png,317
bioderma.it.png,318
intersport.fi.png,319
aamcosantaclaritaca.com.png,17
greatplacetowork.at.png,93
globalconnect.dk.png,320
murrelektronik.hu.png,157
aeccglobal.sg.png,321
airbnb.com.vn.png,35
tupperware.pl.png,115
fmlogistic.com.br.png,322
lamborghini-stuttgart.com.png,323
mitsubishielectric-printing.com.png,324
manpowergroup.com.sg.png,325
despec.eu.png,326
trisa.bg.png,327
wingarc.com.au.png,328
victorsport.com.tw.png,329
edenred.cl.png,16
subarumidlandodessa.com.png,330
fleishmanhillard.co.id.png,331
komoder.com.png,332
hertz-autopujcovna.cz.png,333
servier.pl.png,23
santanderconsumer.fi.png,334
zkteco.me.png,335
culliganjanesville.com.png,102
mazda-autohaus-lotspeich-muenchen.de.png,3
mazda.si.png,336
culliganofpeoria.com.png,102
bees-sport.nl.png,337
kiaofpa.com.png,338
intersport-arvieux.com.png,339
orange.sk.png,340
zalando.dk.png,341
toyotamacau.com.png,342
culligansouthwest.com.png,343
pkflesotho.com.png,344
servier.gr.png,345
veolia.am.png,346
nobleprog.com.ng.png,347
savethechildren.mn.png,348
aamcoroslindalema.com.png,17
johnsmedley.jp.png,349
repsol.us.png,350
yvesrocher.com.tr.png,351
mazda.es.png,352
freseniuskidneycare.com.png,353
servier.ge.png,354
vbh.hu.png,355
mitsubishi-motors.at.png,356
tupperware.gr.png,357
shimadzu-rika.co.jp.png,358
mitsubishielectric.in.png,359
toyota-bornholm.dk.png,360
mazda-warszawa-nivette.pl.png,361
jungheinrich.com.my.png,362
airbnb.com.bo.png,35
bakertilly.ma.png,28
habitat.hu.png,363
pirtek.at.png,364
duracell.com.tr.png,67
pirtek.nl.png,365
job-impulse.mx.png,366
subarumidlandodessa.com.jpg,367
kiaofmurfreesboro.com.png,368
medef-somme.fr.png,369
aamco-corpuschristi.com.png,370
zkteco.com.pk.png,371
ebayglobalshipping.com.png,372
amway.ca.png,199
carlsjr.es.png,373
adeccogroupfoundationus.org.png,374
daikin-ksa.com.png,59
actemium.us.png,375
spie-osmo.de.png,376
culliganofwestbranch.com.png,30
miniso-home.ro.png,377
pussyspace.net.png,378
myron.ca.png,379
atalian.be.png,380
menicon.fr.png,381
jysk.mk.png,382
ajaxtocco.de.png,383
forpsi.pl.png,384
sitech-ohio.com.png,385
veoliawatertechnologies.pl.png,386
yves-rocher.ch.png,387
habitativ.org.png,388
adra.nl.png,389
titancontainers.us.png,390
kia-brass-frankfurt.de.png,259
siebtechnik-tema.nl.png,248
isover.at.png,391
papasaveriospizzeria.com.png,392
rsmpoland.pl.png,393
truckcityford.com.png,394
pussyspace.net.jpg,378
intertongn.es.png,395
statkraft.fr.png,206
xtransfer.cn.png,396
culliganmidmichigan.com.png,102
aamcoscottsdaleairpark.com.png,7
holidayland-sanktwendel.de.png,397
toyotasud.ro.png,398
culliganalbionhillsdale.com.png,30
salvationarmyeet.org.png,399
renaultrycauto.es.png,400
veolianorthamerica.com.png,304
bonprix.co.uk.png,401
toyotafocsani.ro.png,402
orient-food.sk.png,403
ophitusa.com.png,404
pilotpen.hu.png,405
culliganiowa.com.png,102
cdlvideira.com.br.png,406
vitalimages.com.png,288
isuzuhanoi.com.png,407
tevamexico.com.mx.png,408
aamcowsa.com.png,370
humanasecondhand.se.png,409
actemium.ch.png,410
worldoptionsgh.com.au.png,411
bbraun.co.th.png,38
metlife.com.au.png,129
gs1bg.org.png,412
rotary6450.org.png,413
ibc-solar.pl.png,414
inductotherm.com.tr.png,415
nextbikeczech.com.png,416
avis.com.ph.png,417
einhell.fi.png,44
bbraun.com.tw.png,38
aamcomiami-birdroad.com.png,7
toyota-buchreiter-eisenstadt.at.png,418
monster.at.png,419
lindt.co.za.png,420
cyclecarriage.com.png,421
baywa-re.es.png,422
europa-union-kassel.de.png,285
linak.kr.png,423
kia-sauter-albstadt.de.png,259
nikonmetro1stg.wpengine.com.png,424
msd-animal-health.co.nz.png,425
mazda-autohaus-voigtlaender-meyer-hamburg.de.png,3
isover.com.ar.png,426
wuerth.com.ph.png,427
airbnb.com.au.png,428
demeter-im-westen.de.png,429
scte-prod.herokuapp.com.png,430
ymca-cnw.org.png,431
mazda.hu.png,432
veolia.com.gh.png,433
nordicpharma.es.png,434
pepsico.fr.png,435
zkteco.vn.png,436
immanuelalbertinen.de.png,437
bosch-wohnungsgesellschaft.de.png,438
kia-ebner-baienfurt.de.jpg,65
aamcovancouver99.com.png,7
unglobalcompact.ca.png,439
babgencel.de.png,440
synlab.com.tr.png,441
spitexampuls.ch.png,47
renault-fama.be.png,204
mazda.fi.png,442
kia-ahs-roehrnbach.de.png,259
mersen.com.tr.png,443
carlsjrmerida.com.png,444
toyotamezcar.com.tr.png,12
savethechildren.mx.png,445
dhirajsonsonline.com.png,446
mazda-autohaus-schmidt-grossenhain.de.png,3
thelocal.at.png,447
repsolresourcesuk.com.png,448
nestle.dk.png,15
secom.vn.png,449
cvjm-pfalz.de.png,450
misterwhat.com.br.png,275
toyota-evreux.fr.png,451
culligancentralindiana.com.png,102
pefc.org.png,452
solatube.co.uk.png,453
vendhq.com.png,454
alosindustrials.com.png,455
intersport.it.png,456
stocanada.com.png,457
kia-ebner-baienfurt.de.png,79
murrelektronik.it.png,157
lghealthjobs.org.png,458
greatplacetowork.cn.png,459
demeter-bw.de.png,429
vkf-renzel.com.tr.png,460
repsol.no.png,350
aamcoreadingpa.com.png,7
linde-amt.com.png,461
nutricia.nl.png,462
modshair-koeln-lindenthal.de.png,110
aamcorockvillemd.com.png,7
adecco.cl.png,130
furuno.fr.png,463
linde-gaz.pl.png,131
dulux.com.my.png,464
nestle.com.pe.png,465
bbraun.dk.png,38
culliganofidaho.com.png,102
aamcospokanevalleywa.com.png,7
tapflo.nl.png,466
pefc.fi.png,467
msd-animal-health.com.au.png,425
linde.pe.png,468
aamco-bellevue.com.png,189
vbh.ro.png,134
cfmotoqueretaro.com.png,469
greatplacetowork.cl.png,93
entergy-arkansas.com.png,470
synlab.com.cy.png,471
nobleprog.ae.png,347
intersport.hr.png,472
aamcorochesterny.com.png,17
nelsonlabsbozeman.com.png,473
budget-egypt.com.png,474
subwaypacific.com.png,475
nestle.pl.png,15
besins-healthcare.nl.png,476
chicco.ch.png,477
medef41.fr.png,478
aamcostuartfl.com.png,7
lindt.com.au.png,479
tapflo.at.png,480
bakertilly.ci.png,28
savethechildren.org.za.png,481
spitex-region-stockhorn.ch.png,47
mondialparebrise.re.png,482
bioderma.co.za.png,483
toyotaakkoyunlu.com.tr.png,12
daikinkuwait.com.png,484
amnesty.lu.png,485
propertyfinder.com.png,486
dulux.ie.png,487
ymcalouisville.org.png,488
hawaiifamilydentalcareers.com.png,489
bakertilly.mu.png,490
altenusa.com.png,491
ebay.pl.png,184
seitenbachershop.com.png,492
decathlon.com.tr.png,493
duracell.fr.png,67
lidl.ee.png,494
pearsonclinical.ca.png,495
allianz.com.gr.png,496
astrazeneca.no.png,167
aiesec.gr.png,497
worldvision.org.sv.png,498
daikineastafrica.com.png,499
culliganwaterbillings.com.png,80
araihelmet.com.png,500
linde-medica.es.png,468
toolstationjobs.be.png,501
lidl.com.cy.png,494
hyundaichullora.com.au.png,502
sitech.fi.png,503
scoutaerialafrica.com.png,504
yves-rocher.nl.png,505
kumon.com.uy.png,506
toyota.bo.png,507
inductotherm.com.cn.png,141
carglass.lt.png,508
aamcohamptonva.com.png,7
inbeat.co.png,115
albatroslogistic.ma.png,509
unicharm.com.br.png,510
modshair-stuttgart.de.png,511
mazdaofpoughkeepsie.com.png,512
aamcooklahomacity-edmond.com.png,7
hollandandbarrett.com.mt.png,513
yves-rocher.at.png,514
hofmann-personal.cz.png,515
ford.te.ua.png,173
vkf-renzel.nl.png,460
mazda-autohaus-lackmann-sendenhorst.de.png,3
mazda-autohaus-dohm-horn-bad-meinberg.de.png,3
carlsjr.co.nz.png,516
tenneco.co.jp.png,517
menicon.sg.png,518
mtn.co.sz.png,519
mazda-autohaus-albers-doerpen.de.png,3
adra.org.au.png,520
cdltresrios.com.br.png,521
decathlon.ch.png,522
avis.com.do.png,523
aamcopompanobeach.com.png,7
chicco.com.tr.png,477
eru.com.ua.png,524
spitex-oberfreiamt.ch.png,47
bakertillysek.se.png,525
vamdodoma.ru.png,526
renaultvercammen.be.png,204
alcirclebiz.com.png,527
chicco.com.ua.png,528
mazda-autohaus-lohmann-kreuztal.de.png,3
aamconorthtampa.com.png,17
vans.at.png,529
aamcoflagstaff.com.png,7
rotary-club-paris-se.org.png,530
lindesaude.pt.png,131
greatplacetowork.com.sg.png,20
starkeypro.de.png,531
adlatus-nordwestschweiz.ch.png,532
pepsico.ru.png,533
vans.nl.png,529
bbraun.co.za.png,142
tbwa.it.png,534
ajas.cz.png,535
airbnb.am.png,35
vivaconagua.org.za.png,536
honda-rouen.com.png,537
aon.hu.png,538
aamcobaltimore-pulaskihwy.com.png,7
actemium.nl.png,539
pragroup.pl.png,107
msig-asia.com.png,540
bakertilly.site.png,28
linak.pl.png,423
kiacowansville.com.png,541
peach.immo.png,542
titancontainers.at.png,390
actemium.at.png,543
manpowergroup.ca.png,544
giacomini.cz.png,545
gs1sk.org.png,546
daikin.ch.png,484
pilotpen.ro.png,77
nidek.com.png,547
lvs-oxford.org.uk.png,548
schaumann.cz.png,549
leekeswindows.co.uk.png,115
reedglobal.com.mt.png,550
isic.bg.png,551
gs1hr.org.png,552
meggle-cheese.com.png,553
kia-settele-neu-ulm.de.png,79
aamcodallastx.com.png,189
spitex-hoefe.ch.png,258
mazda.com.tw.png,554
aamcosantacruzca.com.png,7
cuponesybeneficios.com.co.png,555
aamcomorenovalley.com.png,7
kia-settele-neu-ulm.de.jpg,65
toyotahonduras.com.png,556
mazda-autohaus-weiss-niedernhausen.de.png,3
advocarenewbornnetwork.com.png,557
aamcoglendalearrowhead.com.png,558
gulfoilltd.com.png,559
carglass.cz.png,508
grantthornton.com.sv.png,560
kia-diamant-wiesbaden.de.png,259
katyawilliamsbridal.com.png,561
hondasevilla.net.png,562
aamcoeastpointga.com.png,7
stampinup.uk.png,563
mateco.mx.png,564
wolterskluwer.com.my.png,111
elizabetharden.tw.png,565
aamcophoenixville.com.png,17
bestdrive.se.png,566
pkfmalta.com.png,567
honda-montpellier.com.png,568
inductothermgroup.jp.png,569
compo-group.com.png,570
toyota-niederberger.at.png,571
furuno.co.uk.png,572
acuraoframsey.com.png,115
aamcobakersfield-unionave.com.png,7
nissanofopelousas.com.png,573
bakertilly.no.png,28
engie.cl.png,574
cvjm-hemer.de.png,575
bakertilly.mt.png,576
lindt.se.png,577
mazda-autohaus-huck-buehl.de.png,578
mazdadesherbrooke.com.png,579
aamcoaloha.com.png,7
ptsv-hof-minigolf.de.png,580
trulynolenpiaui.com.br.png,581
engie-refrigeration.de.png,582
worldvision.ca.png,583
anderson-negele-gmbh.ru.png,584
aamcosanbernardinoca.com.png,17
aamconorthwestfwy-houston.com.png,17
greatplacetowork.lu.png,93
thelocal.ch.png,585
zalando.pl.png,341
sitechnw.com.png,586
pefc.es.png,587
fleishmanhillard.ie.png,331
spitex-aarenord.ch.png,258
carlsjr-russia.ru.png,588
aliaxis.cz.png,589
airbnb.com.tw.png,35
honda-villebon.com.png,6
tracybookshop.com.png,590
lindt.jp.png,591
tapflo.by.png,480
culliganwooster.com.png,102
mazda-autohaus-buelo-naumburg.de.png,3
cleijsenautoschadegoirle.nl.png,592
hps-guns.de.jpg,593
allianz-sebastiankoch.de.png,284
affidea.ro.png,594
aamcofeastervillepa.com.png,7
thelocal.no.png,595
toysrus.com.my.png,596
einhell.com.gr.png,597
aamcotracyca.com.png,238
aamcoraleigh-capitalblvd.com.png,189
sto.com.tr.png,598
mazdaofchicagoland.com.png,599
innolytics.net.png,600
norauto.com.png,601
invisalign.it.png,602
infiniti-azerbaijan.com.png,127
thelocal.dk.png,603
kia-kurt-recklinghausen.de.png,259
aamcoeuless.com.png,7
aamcospringfield.com.png,17
apexdynamicsgermany.de.png,604
budget.co.ao.png,605
worldvision.org.nz.png,606
jungheinrich.co.za.png,607
culliganwi.com.png,30
deheus.pt.png,608
takeda.nl.png,609
overheaddoorkalamazoo.com.png,610
bauder.be.png,611
carlsjr.com.mx.png,444
eresrelocation.es.png,612
cdvi.fr.png,613
daikinegypt.com.png,59
acuraofpeabody.com.png,614
soneparfrance.fr.png,112
bakertilly.dk.png,576
casaaurorasupermercados.com.br.png,615
axa.ma.png,27
honda-saint-maur.com.png,6
paybase.netlify.app.png,616
culliganillinoisvalley.com.png,102
shimadzu.in.png,617
nestle.at.png,15
savethechildren.it.png,618
kia-brueggemann-brandenburg.de.png,259
zalando.co.uk.png,341
spitex-kriens.ch.png,619
airbnb.co.in.png,620
hps-guns.de.png,621
mtn.zm.png,622
starkey.com.co.png,623
kia-asc.ru.png,176
aamco-duluthga.com.png,17
exertisztorm.com.png,624
toyotaboranlar.com.tr.png,625
extremeadventureraces.com.png,626
spitex-gersau.ch.png,47
duluxarabia.com.png,464
mazda-autohaus-schreier-biebergemuend-bieber.de.png,3
brother.com.mx.png,242
starkeypro.com.png,627
piccinifuels.it.png,628
dolcevita.ca.png,629
nestle.com.bd.png,630
wurth.kz.png,631
ccusa.nl.png,632
mersen.it.png,443
intersport-grandbornand.com.png,633
takeda.com.ru.png,634
honda-lorient.com.png,537
plameco-rheinsieg.de.png,635
aamcolubbock.com.png,7
takedaoncology.com.png,636
toyotadolak.cz.png,637
julis-stuttgart.de.png,638
allianz.ie.png,639
nikonimgsupport.com.png,640
mcdonalds.co.za.png,641
toyotasandikci.com.tr.png,12
lightspeedhq.mx.png,642
zkteco-ao.com.png,643
stanleyelectricus.com.png,644
edf-re.com.au.png,645
avisng.com.png,646
duracleanservicebybob.com.png,647
toyotasanpablo.com.ph.png,648
infiniti.com.tw.png,649
greatplacetowork.com.tr.png,459
gs1mt.org.png,650
funiber.ma.png,81
pkfcemac.com.png,13
gs1lt.org.png,651
keika-c.ed.jp.png,652
engie.com.au.png,653
ymca-ywca.org.png,654
pkf.pt.png,655
hsusports.com.png,656
flesan.com.pe.png,657
bnpparibasdeveloppement.com.png,658
wurth.sk.png,659
thelab.id.png,660
kiaprimavera.com.png,661
kiaofgrandblanc.com.png,128
sothebysrealty.ae.png,662
tupperwarefiesta.com.png,663
pepsico.ua.png,664
nestle-mena.com.png,665
hyundaitgv.ro.png,666
toyotacommonwealth.com.png,667
svnahia.com.png,668
mazda-autohaus-hoeffner-clausen.de.png,3
adra.org.rs.png,669
trinkgutlippstadt.de.png,670
deprag.cz.png,671
pamarco.co.uk.png,672
howdengroupholdings.com.png,673
drekopf-kanalservice.de.png,674
linexaus.com.au.png,675
toyotaalbay.com.ph.png,676
allianz.is.png,677
fft-ps.pl.png,678
orbico.com.mk.png,679
fimacf.africa.png,680
internationalsos.co.jp.png,681
teztour.lt.png,682
culliganporthuron.com.png,30
culliganregina.com.png,102
aamcobearde.com.png,17
digi-intl.co.jp.png,683
toyota-corbeil.fr.png,684
atalian.hu.png,380
holidayland-pohlheim.de.png,397
cdlniteroi.com.br.png,685
stoitalia.it.png,686
pragroup.at.png,107
nissantireadvantage.com.png,687
plastoplan.si.png,688
linak.nl.png,423
worldvision.com.au.png,689
tbwa.com.hk.png,690
holidayland-friedrichshafen.de.png,397
aamco-taylorsvilleut.com.png,17
greatplacetowork.com.ar.png,20
titancontainers.co.nz.png,390
stawag-energie.de.png,691
kumon.com.pe.png,506
zalando.nl.png,341
experianacademy.com.png,692
mapfre.com.uy.png,693
veolia.co.za.png,304
brother-slovakia.sk.png,118
kia-etehad-halstenbek.de.png,259
bakertilly.ke.png,28
solatube.si.png,694
salvationarmy.org.my.png,695
anotherbrokeneggfranchise.com.png,696
hollandandbarrett.ae.png,697
spitex-steinmaur-neerach.ch.png,47
mercyships.org.au.png,698
orange.com.lr.png,699
sto.hr.png,18
hyrox.es.png,700
nordicpharma.be.png,701
culliganillinois.com.png,30
toyotaderinderekocak.com.tr.png,12
reallifeconcepts.co.za.png,702
starkeyjp.com.png,703
overheaddoorfayetteville.com.png,610
vbh.be.png,134
veolia.de.png,704
astrazeneca.dk.png,167
cdvi.se.png,705
carlsjr.com.my.png,706
bosch-homecomfort.com.png,707
tbwa-entelia.com.png,708
overheaddoorbrookfield.com.png,709
sephora.ro.png,710
aiesec.org.rs.png,711
msd-animal-health.pl.png,712
bbraun.no.png,38
kiaofcoatesville.com.png,713
invisalign.de.png,714
aamcovirginiabeachva.com.png,7
bonprix.jobs.png,715
kalorimeta-singen.de.png,716
aamcoalexandriava.com.png,17
toyotabakircilarfethiye.com.tr.png,717
aamcoelpaso-east.com.png,370
jll.fi.png,718
intersport-courchevel1850.com.png,339
ardexbuildingproducts.ie.png,719
lww.co.uk.png,720
amway.co.jp.png,721
benu.ee.png,722
mazda-autohaus-gruendel-doerth.de.png,3
fleishmanhillard.com.br.png,723
wurth.com.tw.png,724
travelocarbooking.com.png,725
santillana.com.pa.png,726
johcm-ukconference.com.png,727
greatplacetowork.fr.png,93
amnesty.se.png,728
roca.it.png,729
entergynewsroom.com.png,470
flashbay.com.my.png,126
nestle.com.uy.png,630
culliganhoriconwatertown.com.png,80
job-impulse.pt.png,730
entergy-mississippi.com.png,470
engie-africa.com.png,731
gjw-sachsen.de.png,267
kawasaki-herzog.de.png,115
aamcowebstertx.com.png,7
avis-tahiti.com.png,732
narscosmetics.es.png,733
synlab.cz.png,734
applebees.com.gt.png,735
adeccojapanese.asia.png,736
landish.ca.png,737
lcvesta.nl.png,738
modern-heads.com.png,739
toyotaaktoy.com.tr.png,740
holidayland-dorfen.de.png,397
chicco.pl.png,477
aamcosandiego-missionbay.com.png,7
tupperware.nl.png,741
cpi-print.com.png,115
moog.fr.png,742
sherwin-williams.com.ec.png,743
howdentiger.com.png,744
kiacoldlake.com.png,745
ardex.com.tw.png,746
nestle.ch.png,630
hertz.ro.png,747
toyotayoruk.com.tr.png,12
ardexamericas.com.png,748
msd-animal-health.dk.png,712
sephora.es.png,710
eurofins.at.png,749
toyota.co.tz.png,750
fleishmanhillard.co.th.png,331
culliganminneapolis.com.png,30
toyotasouthern.com.png,751
servier.at.png,23
goliathgames.com.png,752
designmehair.cz.png,753
krautzberger.pl.png,754
airbnb.co.kr.png,35
tupperware.at.png,755
fmlogistic.pl.png,8
mazda-autohaus-w-k-kamen.de.png,3
mazda-autohaus-wilk-kaczmarek-schwerin.de.png,3
mazdaofpottstown.com.png,756
nestle.no.png,15
myfamily.ca.png,757
spitex-oberthurgau.ch.png,47
gjw-hessen.de.png,267
harigmfg.com.png,758
servier.nl.png,345
cfmotoitaly.it.png,759
asendia.es.png,760
aamcocoronaca.com.png,17
wordans.it.png,761
aamcohialeahfl.com.png,17
pearsonclinical.es.png,762
aamco-newbraunfels.com.png,370
holidayland-durmersheim.de.png,397
flashbay.fr.png,126
greatplacetowork.com.co.png,763
castsoftware.it.png,764
cafelasmargaritas.es.png,765
mazdaofsouthcharlotte.com.png,766
mazda-autohaus-schindlbeck-straubing.de.png,3
avonworldwide.com.png,767
spitex-waedenswil.ch.png,768
wurth.fi.png,769
grantthornton.do.png,770
adra.pl.png,771
gulf.no.png,772
pkf-l.com.png,773
kia-fugel-dresden.de.png,259
salvationarmyconcordca.org.png,774
wurth.hu.png,775
trulynolenrecife.com.br.png,581
pkf.jo.png,776
decathlon.pl.png,777
whirlpool.com.sg.png,778
fordmediacenter.nl.png,779
funiber.us.png,81
demeter.it.png,780
toyotayatumugla.com.tr.png,781
funiber.ci.png,81
schaumann.fr.png,782
titancontainers.dk.png,390
gulf.com.mk.png,783
acuraofgainesville.com.png,784
brother-industrial.md.png,785
kia-guenther-dingelstaedt.de.png,259
chicco.com.ph.png,786
toyotaer.com.tr.png,12
greatplacetowork.com.vn.png,93
rexel.ca.png,787
mcvitiesindia.com.png,788
mazda-press.com.png,789
plameco-baer.de.png,790
synlab-notes.com.png,791
cbrain.com.png,792
avis.nc.png,793
aamcoviennava.com.png,7
rsm.lu.png,393
mercyships.be.png,794
jungheinrich.in.png,795
avia.hu.png,796
tupperware.co.kr.png,797
stanbicbank.co.zw.png,798
gulfsverige.com.png,799
mazda-autohaus-banaszak-wesel.de.png,3
subwayburbank.com.png,800
eca-serel.de.png,736
deswam.in.png,801
wurth.pe.png,802
culliganwatercorrections.com.png,102
gloriasportsarena.com.tr.png,803
renaultamericas.com.mx.png,804
isuzuniaga.com.png,805
daikin.ge.png,806
portadoors.com.png,807
rsm.bh.png,393
atalian.sk.png,808
renaultsanzhispano.es.png,204
bbraun.com.py.png,38
aamcobloomingtonil.com.png,189
autosecuritas-ct-seysses.fr.png,809
culligannc.com.png,102
pkf.co.in.png,567
powerint.cn.png,810
mazda-autohaus-kopke-bendel-marl.de.png,3
avis.cr.png,811
wordans.de.png,812
pragroup.no.png,107
einhell.bg.png,813
zktecoma.com.png,814
cvjm-augsburg.de.png,815
shelterstation.com.au.png,816
culliganmoseslake.com.png,30
engenmauritius.com.png,817
meyersound.de.png,818
de-heus.nl.png,608
daikin.rs.png,59
mazda-autohaus-wuttke-gummersbach.de.png,3
drinkculligan.com.png,819
greatplacetowork.com.cy.png,93
ibc-solar.nl.png,820
deswam.in.jpg,821
wurth.es.png,822
algeco.pt.png,823
julis-sh.de.png,824
aamcosilverspringmd.com.png,7
solutions30.nl.png,825
cgparivarconstruction.com.png,826
vkf-renzel.dk.png,222
aamcoseguin.com.png,189
taylorfarmsdeli.com.png,827
sonepar.pt.png,828
trikonclinicalwaste.co.uk.png,829
zalando.no.png,341
citychain.co.th.png,830
wurthindustry.ca.png,831
wwf.or.th.png,832
rsmthailand.com.png,393
skoda-clermontferrand.fr.png,833
medefloire.fr.png,834
greatplacetowork.se.png,93
nobleprog.com.eg.png,347
crif.cz.png,835
aamcomurraysouthsaltlakecity.com.png,17
affidea.es.png,836
msmode.es.png,837
rsmrecruitment.com.png,838
spie.be.png,839
santillana.com.ec.png,840
mazda.bg.png,841
overheaddoormankato.com.png,842
spitexkaiseraugst.ch.png,47
infiniti-bahrain.com.png,127
isuzu.net.my.png,843
zalando.ch.png,341
filterteknik.dk.png,844
aamcotwinfalls.com.png,7
murrelektronik.uk.png,157
svnvanguardla.com.png,845
wwf.org.nz.png,846
veolia.pt.png,847
modshair-mannheim.de.png,848
subaru.es.png,849
airbnb.com.hk.png,35
nutricia.co.uk.png,850
vbh.com.es.png,134
kia-plt.ru.png,176
lindt.cz.png,851
sto-ukraine.com.png,852
263.net.cn.png,853
spitexow.ch.png,47
compo.pl.png,854
bbraun.nl.png,855
toyotabacau.ro.png,856
salvationarmy.org.uk.png,857
synlab.lt.png,858
bosch-pt.com.au.png,859
flashbay.co.nz.png,126
pefc.be.png,467
bosch-pt.com.cn.png,860
luxaflexproject-scandinavia.com.png,861
jungheinrich.co.th.png,362
plameco.nl.png,862
aamcoathensga.com.png,17
aamcocolumbus-wbroadst.com.png,17
kiacadca.sk.png,863
aamcoeverett.com.png,7
bbraun.co.png,38
bioderma.com.png,864
aamcoranchocucamonga.com.png,17
astreitalia.it.png,865
tryg.com.png,866
cdvi.com.png,867
skodanews.de.png,868
aspenpharma.es.png,869
allianzdarta.ie.png,870
bcurelaser.co.il.png,871
aireonepeel.ca.png,872
plameco.at.png,873
veolia.sk.png,874
pirtek.se.png,875
aleris-pp.dk.png,876
narscosmetics.de.png,733
zkteco.in.png,877
nutriciavoorjou.nl.png,878
ymcaokc.org.png,879
designpluz.com.png,880
secureparkingusa.com.png,881
aamcofremontca.com.png,7
bakertilly.fr.png,882
suttontools.co.nz.png,883
kiamotors.com.co.png,884
mtn.ci.png,885
thelocal.fr.png,886
shopee.co.id.png,193
mazda-autohaus-ruettiger-wallduern.de.png,3
pragroup.com.au.png,107
sto.hu.png,18
honda-pirola.com.png,6
honda-chateauroux.com.png,537
faesfarma.com.co.png,887
mazda-autohaus-witthoeft-bad-oldesloe.de.png,3
mazda-autohaus-heider-dresden.de.png,3
pigtailsandcrewcutsfranchise.com.png,888
santander.de.png,889
axa.ad.png,890
bimedacanada.com.png,891
culliganwt.com.png,892
spitexniesen.ch.png,47
cinnabon.pk.png,893
brother-industrial.com.png,242
servier.lv.png,894
aamcometuchen.com.png,7
mazda-autohaus-ubben-aurich.de.png,3
bosch-homecomfortgroup.com.png,707
duraclean.us.png,895
electrolux.com.mx.png,896
bakertilly.com.jm.png,897
saint-gobain-glass.es.png,898
veolia.ie.png,899
sto.fi.png,900
mazda-autohaus-stoelzel-doehlau.de.png,3
mapfre.com.ve.png,693
wurth.co.nz.png,901
pkfsingapore.com.png,902
mazda-bielskobiala-autogazda.pl.png,903
mazda-autohaus-abs-erlangen.de.png,3
overheaddoorofterrehaute.com.png,904
allianz.com.ar.png,496
medef-cher.fr.png,905
algeco.ro.png,263
rjelinek.cl.png,906
greatplacetowork.com.au.png,93
esseskincare.fi.png,907
mitsubishi-motors.com.kw.png,908
algeco.sk.png,909
inductotherm.co.kr.png,141
adra.se.png,910
thebodyshop.bg.png,911
medef-bearnetsoule.com.png,912
meggle-group.com.png,553
tbwazim.co.zw.png,913
crocssa.co.za.png,914
ymcasteuben.org.png,915
isover.se.png,916
asendia.de.png,760
rotary5960.org.png,917
nissanmanufacturing.com.png,918
wolterskluwer.dk.png,111
ccusa.cz.png,632
spitex-meggen.ch.png,47
gulf.lu.png,919
mazda-autohaus-misch-uebach-palenberg.de.png,3
nepaltrust.gov.np.png,920
spitex-rotbachtal.ch.png,47
titancontainers.com.tr.png,390
solatubescotland.co.uk.png,921
roca.com.ar.png,922
freeportwestselfstorage.com.png,923
trulynolencampogrande.com.br.png,581
spitex-freiamt.ch.png,47
rotary7620.org.png,924
kia-fischer-cottbus.de.png,925
habitatvietnam.org.png,926
soventix.cl.png,927
dysartsservicecenter.com.png,928
softland.com.mx.png,929
acurasouthpoint.com.png,930
acuraofwestchester.com.png,931
aonassurances.com.png,932
europa-union-thueringen.de.png,933
aamcoreynoldsburgoh.com.png,934
carglass.re.png,935
aiesecargentina.org.png,936
engie-energia.pe.png,937
aamcolancasterca.com.png,17
logicvapes.co.uk.png,938
renault.no.png,939
spitexgraenichen.ch.png,47
carglass.rs.png,940
mazda-autohaus-schwenke-duisburg.de.png,3
duracleancarpet.com.png,941
adra.fr.png,942
spitex-imboden.ch.png,47
monster.se.png,419
hondabintang.com.png,943
airbnb.hu.png,35
aeccglobal.co.id.png,944
statkraft.nl.png,945
aamcofuquayvarinanc.com.png,189
funiber.cm.png,946
roca.com.tr.png,947
eis.com.tr.png,948
renault-beaulieu.fr.png,115
linak.cz.png,949
spitex-wyland.ch.png,47
urmet.com.br.png,950
mazda-autohaus-banaszak-kleve.de.png,3
menicon.nl.png,951
asendia.it.png,760
ecaas.com.png,952
gotchateausa.com.png,953
funiber.org.co.png,81
aamcotopekaks.com.png,17
greatplacetowork.com.bo.png,954
tupperware.com.ar.png,955
renaultmerida.com.mx.png,956
aamcoportsmouthnh.com.png,17
carglass.gr.png,957
misterwhat.pl.png,958
culligansanantonio.com.png,959
premiumproperties.com.png,960
overheaddoorriverton.com.png,961
diamond.co.id.png,962
aiesec.cl.png,963
mazda-autohaus-suedring-datteln.de.png,3
greatplacetowork.pl.png,93
solatubegalicia.com.png,964
crif.ch.png,965
aliaxis.pl.png,966
mazda-autohaus-brutschin-lenzkirch.de.png,3
bakertilly.com.kh.png,576
sephora.it.png,710
nestle.lt.png,15
sto.es.png,967
solatube.pt.png,964
bauwerk-group.hr.png,968
alten-consulting.de.png,969
enterprise.si.png,970
kia-ci.com.png,971
toyotaparmaksizlar.com.tr.png,12
foxinabox.mx.png,168
cdljovem.org.br.png,972
gjw-nrw.de.png,267
vkf-renzel.co.uk.png,460
culligankennewick.com.png,102
msmode.de.png,115
daikinchemicals.co.th.png,973
servier.com.ph.png,23
vivaconagua.at.png,536
orange.cd.png,974
ambiderm.com.gt.png,975
kia-schunke-aurich.de.png,79
intersport-rent.fr.png,976
allianzgloballife.com.png,639
allianz-rose.info.png,284
athora.nl.png,977
bakertilly.se.png,28
kawasaki-center-koeln.de.png,115
job-impulse.sk.png,978
chicco.fr.png,979
bosch-industry-consulting.com.png,980
buffalotours.es.png,981
shopee.com.co.png,193
nestle.ua.png,630
honda-reims.com.png,6
servier.vn.png,345
kia-schunke-aurich.de.jpg,65
bestwesternbraddock.com.jpeg,982
nexicentraleurope.com.png,983
spitex.sg.png,47
lindt.ch.png,984
greatplacetowork.gr.png,985
k-startupcenter.org.png,986
papajohns.co.nl.png,987
kumon.cl.png,506
aliaxis.gr.png,988
digilite.com.au.png,989
culliganheartland.com.png,102
ebay.cn.png,990
bbraun.cl.png,38
santillana.com.pr.png,991
mitsubishielectric.com.sg.png,992
secureparking.co.id.png,993
mazdaofmidland.com.png,994
nikon-mea.com.png,995
boxful.com.tw.png,996
kia-lange-gosen.de.png,79
intersport.be.png,997
eurofinsfoodtesting.nl.png,998
wurth.com.vn.png,999
janegal.sk.png,1000
wwf.org.png,1001
monitus.com.png,1002
bbraun.lt.png,38
linak.com.br.png,423
mazda-autohaus-hohenfeld-dinslaken.de.png,3
jdimmigration.es.png,1003
sephora.pt.png,710
bakertilly.pk.png,490
culliganwatertreatment.com.png,102
santander.pt.png,1004
linde-healthcare.nl.png,131
vwswestgarth.com.png,1005
indiancancersocietybangalore.org.png,1006
grupointexa.co.png,1007
statkraft.com.pe.png,206
kia-koenig-teltow.de.png,79
rheine.schule.png,1008
fleishmanhillard.mx.png,331
murrelektronik.be.png,157
repsol.fr.png,350
techtel.com.sg.png,1009
mazda.co.me.png,841
medef-44.fr.png,228
bakertilly.sg.png,1010
sitechsolutions.com.png,1011
mazda-autohaus-kaschmieder-waren.de.png,3
berlitz.com.py.png,1012
tapflo.se.png,1013
wuerth-ag.ch.png,1014
veolia.fi.png,704
experian.com.my.png,1015
roca.ro.png,729
kia-koenig-teltow.de.jpg,65
kia-hoff-trier.de.png,259
spitex-zimmerberg.ch.png,47
mazda.al.png,841
chicco.ru.png,477
kia.com.co.png,1016
cinnabon.co.za.png,1017
adecco.com.sg.png,130
servier.cz.png,23
job-impulse.es.png,978
mitsubishielectric.cz.png,1018
howdensafetysolutions.com.png,252
deheus.id.png,1019
weidner.ca.png,1020
mazda-autohaus-bayer-goessweinstein.de.png,3
adecco.rs.png,1021
crocs.com.ec.png,1022
viacon.no.png,1023
mazda-autohaus-trumpf-wimmelburg.de.png,3
subaru.com.gt.png,1024
aamcotulsa-memorial.com.png,7
besins-healthcare.se.png,1025
aamcoeggharbortwp.com.png,7
kia-lange-gosen.de.jpg,65
berlitz-dublin.ie.png,1026
repsolsolgas.com.png,1027
spie-ics.com.png,1028
carglass.dk.png,1029
fortprousa.com.png,1030
culliganredwing.com.png,102
amway.de.png,1031
blackroll.com.pl.png,1032
minisocr.com.png,1033
aamcocarync.com.png,7
aamcocentraltampa.com.png,7
gs1.at.png,1034
aamcovinelandnj.com.png,17
aamco-omahanorth.com.png,189
stanbicbank.co.bw.png,1035
job-impulse.co.jp.png,1036
aeccglobal.com.bd.png,1037
seasonsrehab.in.png,1038
aamcomesacountryclub.com.png,1039
linexofschererville.com.png,1040
skodalondon.com.png,1041
mersen.hu.png,443
workcircle.com.png,1042
avis-taiwan.com.png,1043
isic.de.png,1044
avia-belgomine.be.png,1045
yves-rocher.se.png,1046
lindegas.hu.png,1047
brother.com.br.png,1048
aamcogolflinks.com.png,1049
mateco.ro.png,235
kia.co.mz.png,1050
inhuntworld.com.png,1051
job-impulse.co.jp.jpg,1036
jll.co.kr.png,718
aamconsa.com.png,370
tupperware.com.vn.png,1052
sonepar.hu.png,264
titancontainers.fr.png,390
roca.co.id.png,1053
actemium.com.png,1054
demeterschmid.de.png,1055
medef-alsace.com.png,369
mazda-krakow-kazokuluzar.pl.png,1056
whirlpool.com.hk.png,1057
monster.co.uk.png,419
spie-energotest.pl.png,1058
sourceadvisors.co.uk.png,1059
pkf.sk.png,1060
aamcohemetca.com.png,7
enterpriserentacar.bg.png,1061
wurth.pt.png,1062
aamcobridgewater.com.png,7
toyotasamlioglu.com.tr.png,12
aamcomilwaukieor.com.png,7
jll.co.il.png,718
cinnabonrussia.com.png,1063
subarusouthpoint.com.png,1064
aamcolawrencevillega.com.png,7
budget.bg.png,1065
vans.fr.png,529
airbnb.ie.png,35
honda-marseille.com.png,6
duracleanrestoration.com.png,1066
culligansiouxcity.com.png,30
bosch-pt.co.in.png,859
mazda.com.sg.png,1067
ibc-solar.cz.png,1068
actemium.se.png,1069
wuerth.dk.png,1070
daikin.ru.png,806
amway.it.png,1031
bimedaus.com.png,891
mazda-autohaus-henseler-schwedt.de.png,3
camesoluciones.com.png,1071
whirlpoolservice.co.uk.png,1072
manpowergroup.pt.png,1073
honda.cl.png,1074
allianz-spm.fr.png,1075
einhell.ba.png,44
mtn.com.gh.png,1076
mcdonalds.com.jo.png,1077
baywa-re.mx.png,422
biothanesolutions.com.png,1005
julis-bremen.de.png,1078
renaultpatriotismo.com.mx.png,1079
hennessyfunds.com.png,1080
msdinsight.no.png,1081
spitexkempt.ch.png,47
venturelightingme.com.png,1082
aamcomorristown.com.png,7
vkf-renzel.fr.png,460
altriusconsulting.com.png,1083
aamcooklahomacity-yukon.com.png,7
kia.am.png,1084
mersen.es.png,443
panpuri.fr.png,1085
mazda-autohaus-albstadt-auto-domicil-ebingen.de.png,3
isic.it.png,1086
sonepar.pe.png,1087
pkf-hk.com.png,1088
reedglobal.hu.png,84
culligandelavan.com.png,80
culliganwaterstillwater.com.png,80
kia.com.ni.png,1089
siebtechnik-tema.co.uk.png,248
canon-its.co.jp.png,1090
pkf-fwa.com.png,1091
pkfgf.co.nz.png,1092
algeco.si.png,1093
subway.co.id.png,1094
mazdaofnewrochelle.com.png,1095
savethechildren.es.png,1096
kia-gj-remagen-rolandseck.de.png,259
job-impulse.hu.png,978
oil-testing.de.png,1097
poliform-spb.ru.png,1098
aamcolakeworth.com.png,7
seiban.com.png,1099
alchemia-nova.net.png,1100
veolia.co.uk.png,1101
spitex-regiowittenbach.ch.png,47
edenred.pl.png,1102
daikintexastechnologypark.com.png,1103
foxinaboxmiami.com.png,1104
pkfjnd.com.png,1105
veolia.es.png,1005
kia.com.cy.png,1106
mazda-autohaus-ehrlich-aschaffenburg.de.png,3
nerdsonsite.co.za.png,1107
kia-schmid-hoehenkirchen.de.png,259
saint-gobain.ar.png,1108
pacificinfotech.co.uk.png,1109
bakertilly.gt.png,201
renaultsprings.co.za.png,1110
subaru.eu.png,1111
mazda-autohaus-dittrich-genthin-huettermuehle.de.png,3
bakertilly.com.pa.png,1112
kumonshuppan.com.png,1113
servier.ua.png,894
misterwhat-au.com.png,275
vitalsauna.eu.png,1114
kia-engbert-datteln.de.png,925
lindt.at.png,577
casperscreensnorcal.com.png,1115
bbraun.cz.png,1116
mazda-autohaus-elstner-jena.de.png,3
algordanza.com.au.png,1117
synlab.by.png,1118
spitex-grauholz.ch.png,47
bbraun.ae.png,38
kia-autoprodix.ru.png,176
aeccglobal.vn.png,261
affidea.pt.png,594
rocatiles.com.png,1119
pakuacanada.com.png,1120
cvjm-muensingen.de.png,1121
culliganwaterwyoming.com.png,30
subwayfrance.fr.png,1122
nestle.com.tw.png,630
nestle.com.ve.png,1123
adecco.de.png,1124
seiban.com.jpg,1125
intersport.cz.png,1126
top-system.com.mk.png,1127
overheaddoorsrichmond.com.png,610
engie.pt.png,1128
laborelec.com.png,1129
enterprise.com.ar.png,1130
spitex-see-lac.ch.png,258
nikon.co.th.png,1131
nutricia.ie.png,850
wurth.com.uy.png,1132
lamannamovingny.com.png,1133
bluecardagency.ru.png,1134
invisalign.fr.png,714
skoda-metz.fr.png,833
patheon.com.png,1135
gs1ec.org.png,1136
toyotatoyan.com.tr.png,1137
murrelektronik.cz.png,157
medef-beziers.fr.png,1138
kia.com.uy.png,1139
kamic.fi.png,1140
plameco-bonn.de.png,1141
starbucks.co.nz.png,1142
decathlon.com.kh.png,1143
aamcoarlington-pantego.com.png,7
veolia.fr.png,1144
dulux.com.sg.png,464
jungheinrich.co.nz.png,1145
kia-mouscron.be.png,128
linde-gas.lt.png,1146
kantar.com.tw.png,1147
mediqdirekt.hu.png,1148
ecslupsk.pl.png,1149
tupperware.be.png,741
unglobalcompactghana.com.png,1150
entergy-louisiana.com.png,470
coffeesmith.com.sg.png,1151
specialistnutrition.us.png,1152
amnesty.eu.png,1153
mazdaofbedford.com.png,1154
renaultchiapas.com.mx.png,1155
equans.cl.png,1156
mazda-autohaus-becker-homburg-bruchhof.de.png,3
kiaofverobeach.com.png,1157
veka.bg.png,1158
linexps.com.png,1159
aamcoofupland.com.png,7
hamburg.com.png,1160
monster.ie.png,419
snapologyfranchising.com.png,1161
cubcadet.fr.png,1162
sitech-ws.com.png,1163
rsmcanada.com.png,838
pingusenglish.ee.png,1164
saint-gobain.mk.png,62
aamcolakeforestca.com.png,17
mazdavardi.com.co.png,1165
foxinaboxgraz.at.png,168
cdviplastics.com.png,1166
brother.com.ar.png,242
airbnb.ru.png,35
vispiron.systems.png,1167
linde.bo.png,468
kilewswest.com.png,1168
papajohns.com.pk.png,1169
aamcoeugeneor.com.png,7
crocs.cl.png,1170
kia-ds-lampertheim.de.png,79
einhell.ch.png,44
compassion.es.png,1171
equansservices.com.png,1172
thebodyshop.lt.png,219
mercyships.nl.png,1173
medef-sarthe.fr.png,369
vans.es.png,529
metlifetakealongdental.com.png,1174
kumon.com.hk.png,1175
atalian.pl.png,380
linde-electronics.com.png,1146
atalian.rs.png,808
kia-ds-lampertheim.de.jpg,65
lamborghinisarasota.com.png,1176
modshair-braunschweig.de.png,1177
manpowergroup.dk.png,1178
mazda-autohaus-lehmann-senftenberg.de.png,3
pingusenglish.ps.png,1179
saint-gobain-solutions.nl.png,1180
savethechildren.or.id.png,1181
mazda-autohaus-rottmann-bottrop.de.png,3
renaultselection.co.za.png,1182
holidayland-wunstorf.de.png,397
virtual-reality.school.png,1183
mazda-autohaus-ahb-gotha.de.png,3
intersport-lesrousses.com.png,339
culligancountry.com.png,102
kelloggs.no.png,257
ikea.com.tr.png,1184
aamcoypsilantimi.com.png,370
esseskincare.sg.png,1185
intersport.com.au.png,1126
vans.co.nz.png,1186
greatplacetowork.com.ve.png,1187
actemium.es.png,1054
aamcocedarparktx.com.png,7
kiaoflumberton.com.png,1188
isover.ie.png,1189
pilotpen.co.th.png,1190
kia-chita.ru.png,176
noiseassessments.org.png,1191
culliganricelake.com.png,102
flashbay.pt.png,126
ymcatrivalley.org.png,1192
mazdaofcolumbia.com.png,1193
matutis.de.png,1194
nissanoflebanonnh.com.png,1195
culligantucson.com.png,30
cinnabon-ksa.com.png,1196
daikin-ce.com.png,59
decathlon.ro.png,1197
rotarygranada.es.png,1198
axa-lifeeurope.com.png,27
shimadzu.com.ph.png,1199
mersen.jp.png,443
aamcotulsa-harvard.com.png,7
carglass.hr.png,1200
asendia.dk.png,760
desjoyaux.co.uk.png,1201
rockvalleyculligan.com.png,1202
adra.org.pe.png,1203
vkf-renzel.hu.png,222
adra.sk.png,1204
isover.sk.png,1205
howden.co.il.png,1206
islprgac.org.png,1207
bbraun.co.in.png,38
cinnabon-egypt.com.png,1208
plastoplan.pl.png,1209
aamcoastoria.com.png,7
plastoplan.rs.png,1210
peugeot.sk.png,1211
misterwhat.pt.png,275
fmlogistic.sk.png,8
trulynolengoias.com.br.png,581
engie-ecserwis.pl.png,1212
hertz.com.cy.png,1213
veolia.jp.png,1214
fmlogistic.ro.png,322
nikonschool.de.png,640
dicetek.us.png,1215
allthingswater.com.png,102
uxbistart.com.png,1216
pirtek.ie.png,1217
affinitynonprofits.com.png,1218
carlsjr.com.tr.png,1219
equans.cz.png,1220
greatplacetowork.pt.png,1221
aamcofortlauderdale-plantation.com.png,7
culligangrandrapids.com.png,102
repsol.pe.png,350
toyotayatubodrum.com.tr.png,12
santillana.com.hn.png,1222
sephora.dk.png,710
nordicpharma.ch.png,1223
msd-animal-health.es.png,1224
synergie.pt.png,1225
equans.lu.png,1156
berlitz-bahrain.com.png,1226
mazda-autohaus-friedmann-steinfeld.de.png,3
clarksonhyde.it.png,1227
risogallo.it.png,1228
tectake.it.png,1229
nestle.bg.png,15
pkfve.com.png,1230
spitexstaefa.ch.png,47
toyotabeerens.be.png,1231
mtn.cg.png,1232
aiesec.org.es.png,497
mazda.co.za.png,1233
menicon.co.uk.png,1234
synlab.com.gh.png,1235
culligantulsa.com.png,1236
steelhousegroup.ee.png,1237
culliganwaterwestbend.com.png,80
cdvi.de.png,1238
subway.ru.png,1239
mcdonalds.ma.png,1240
santanderconsumer.no.png,1241
culligantotalwater.com.png,102
duracleanservices.net.png,1242
tapflo.hu.png,480
medef-nouvelle-aquitaine.fr.png,104
airbnb.com.ro.png,35
bbraun.ca.png,1243
axa-assistance.pl.png,1244
renaultmonterrey.com.png,1079
renaultpatria.com.mx.png,1079
bbraun.be.png,1116
toyotayigitvar.com.tr.png,12
mazda-autohaus-mork-rockenhausen.de.png,3
orange-bissau.com.png,1245
accelltherapy.com.au.png,1246
aamcodelraybeach.com.png,7
bioderma.com.hr.png,1247
avia-ramonville.fr.png,1248
aamcobrooklyn-atlanticave.com.png,7
mazdaofalexandria.com.png,1249
bbraun.bg.png,38
telehouse.co.th.png,1250
specialolympics.com.au.png,1251
avispl.de.png,1252
culliganofsouthwestwisconsin.com.png,102
airbnb.com.pe.png,35
fmlogistic.es.png,322
aamcosignalhill.com.png,7
hydroscand.co.ua.png,1253
mitsubishi-motors.qa.png,1254
nhszketpo.hu.png,1255
svnprovidence.com.png,1256
culliganchicago.com.png,102
jungheinrich.com.sg.png,362
roca.fr.png,51
renaultzaragoza.com.png,115
aliaxis.it.png,966
kiwiqa.com.au.png,1257
mazda-autohaus-tabbouch-speyer.de.png,3
wurth.co.uk.png,1258
spitex-linth.ch.png,1259
gulf-japan.com.png,1260
kiavacaville.com.png,1261
spitex-emmen.ch.png,47
landermitsubishi.com.au.png,1262
saint-gobain.bg.png,1263
europcar.me.png,1264
sephora.pl.png,710
bauder.at.png,1265
aamcoreno.com.png,189
kia.com.np.png,1266
miniso.ge.png,1267
mazda-wroclaw-jaremko.pl.png,1268
esseskincare.co.uk.png,1269
mazda.nl.png,1270
bakertilly.ky.png,28
wurth.com.mk.png,1271
engie.de.png,1272
sephora.gr.png,710
holidayland-reisebuero-stuppert.de.png,397
notairespirletboinet.be.png,1273
bauder.nl.png,1274
honda-caen.com.png,6
invisalign.co.uk.png,714
airbnb.co.id.png,35
aamcoparkvillemd.com.png,7
overheaddooraz.com.png,1275
komoder.md.png,1276
aamcowilliamsportpa.com.png,7
actemium.com.br.png,1277
linde.ch.png,1278
adecco.co.th.png,130
daikinmea.com.png,59
equans.co.png,1156
einhell.nl.png,44
avoncameroun.com.png,1279
dulux.co.za.png,1280
aamcooaklandca.com.png,7
aamcocantonga.com.png,7
countryroadsford.net.png,1281
culliganwheaton.com.png,102
aamcomissouricitytx.com.png,7
niproaustralia.com.au.png,1282
kiaofduluth.com.png,1283
minisoindia.com.png,1284
grantthornton.co.im.png,1285
mazdademagog.com.png,1286
amnesty.org.ng.png,1287
komoder.co.uk.png,1288
shopee.in.png,1289
pixibeauty.co.uk.png,1290
greatplacetowork.com.mm.png,93
plameco-huizen.nl.png,862
ccusa.ca.png,1291
daikin.fi.png,1292
cimbbank.com.vn.png,1293
trulynolennatal.com.br.png,581
ford.vn.ua.png,173
airbnb.jp.png,35
medef-cote-opale.com.png,228
cazenovecapital.com.png,1294
actemium.sk.png,1054
ebay.com.hk.png,184
spitex-rothenburg.ch.png,1295
spitexzh.ch.png,47
bakertillyeg.com.png,490
renaultdelsol.com.mx.png,1296
titancontainers.ie.png,390
culliganmarlette.com.png,30
daikinuae.com.png,59
wurth.rs.png,1297
mercyships.ch.png,1298
kia-strehle-dresden.de.png,259
vantagepoint.co.id.png,1299
decathlon.hu.png,1300
engiemiddleeast.com.png,1301
airbnb.fr.png,35
vkf-renzel.ro.png,460
isover.fi.png,1205
misterwhat.de.png,958
dfcapital-investors.com.png,1302
babble.com.png,250
rotary.hr.png,1303
gs1my.org.png,546
esseskincare.se.png,1304
actemium.id.png,1305
aamcoahwatukee.com.png,7
daikinlebanon.com.png,484
kia-vogt-finningen.de.png,259
mazda-autohaus-sturne-grimma.de.png,3
toyotaonatca.com.tr.png,1306
isover.hu.png,144
mazda-autohaus-rausch-dresden.de.png,3
manpowergroup.gr.png,1307
funiber.org.uy.png,946
aamcosouthsarasota.com.png,17
asendia.co.uk.png,760
daikincareers.com.png,1308
renault-tortosa.es.png,1309
crif.com.tr.png,1310
honda-dijon.com.png,6
aamcotigard.com.png,7
nikon.com.hk.png,1131
thebodyshop.lv.png,219
acurahonolulu.com.png,1311
starkey.co.uk.png,1312
dilmahtea.co.uk.png,1313
daikin.si.png,1314
aamcoorange.com.png,7
nestle.co.nz.png,15
sitech.ch.png,1315
bbraun.co.kr.png,38
spitex-wuerenlos.ch.png,47
dulux.co.zw.png,1316
whisky.de.png,1317
wuerth.co.jp.png,1318
rsmuk.com.png,1319
sans-sans.com.my.png,1320
cdvibenelux.com.png,1321
affidea.gr.png,1322
nestle.mk.png,630
bakertillygh.com.png,28
compo.es.png,1323
meniconamerica.com.png,1324
neposystem.me.png,1325
nordicpharma.nl.png,1326
plastoplan.com.png,1209
astrazeneca.hu.png,1327
bakertillymapema.se.png,490
ardex.at.png,1328
nestle.com.bo.png,1329
habitatmichigan.org.png,1330
desjoyaux.de.png,1331
bakertilly.es.png,576
aamcolasvegas.com.png,189
linde-gas.lv.png,131
linde.co.th.jpg,1332
enterprise.se.png,1333
cargoriga.ee.png,1334
foxinaboxzutphen.com.png,1335
mitsubishi-motors.fi.png,1336
path-solutions.com.png,1337
foxinaboxlondon.uk.png,1338
axa.be.png,1339
aeccglobal.ng.png,1340
servier.bg.png,894
zalando.be.png,341
ymcatoledo.org.png,1341
honda-rennes.com.png,6
allianz-peev.de.png,284
thelocal.es.png,1342
aamcomcdonoughga.com.png,17
linde.co.th.png,1146
medknow.com.png,111
papajohnsquebec.ca.png,1343
toyotanorthedsa.com.png,1344
mazda-bcrmotors.ru.png,1345
daikin-korea.co.kr.png,1346
dci.co.th.png,1347
educab.com.au.png,1348
solidea.co.za.png,1349
affidea.pl.png,1350
kierpensions.co.uk.png,1351
habitatstl.org.png,1352
atalian.com.tr.png,1353
sans-sans.com.my.jpg,1354
toyota-lyonsud.fr.png,91
experianidworks.com.png,1355
tapflo.kz.png,480
remax-emblema.com.ar.png,1356
inductotherm-group-france.fr.png,141
cdlvitoria.com.br.png,1357
aireserv.ca.png,1358
keasyfit.it.png,1359
toyotahizel.com.tr.png,12
mtn.ng.png,1360
nestle.com.vn.png,465
fleishmanhillard.cn.png,331
thelocal.it.png,1361
mazda-autohaus-henn-weilamrhein.de.png,3
affresco-decor.com.png,1362
subarutijuana.mx.png,1363
pefc.cl.png,1364
toyota-marseille.com.png,1365
kumonla.com.png,1366
wurth.co.za.png,1367
aliaxis.hu.png,988
intersport.nl.png,1368
kia-bender-coburg.de.jpg,65
mazda-autohaus-schindlbeck-schwandorf.de.png,3
wurth-int.com.png,1369
vetpartners.fr.png,1370
intersport-alpedhuez.com.png,101
mitsubishielectricmalaysia.com.png,1371
aamcopomonaca.com.png,7
nobleprog.es.png,1372
orbico-kenoanyagok.hu.png,679
deheus.rs.png,608
tapflo.co.za.png,480
cfmotoindia.com.png,1373
aamcofortworth.com.png,7
murrelektronik.at.png,157
toysrus.com.bn.png,1374
msmode.fr.png,115
kia-bender-coburg.de.png,79
deheus.pl.png,1375
aeccglobal.lk.png,1376
spitex-region-kreuzlingen.ch.png,258
mazda-sosnowiec-mirai.pl.png,1377
lidl.lt.png,1378
pirtek.de.png,364
kapanfastigheter.se.png,1379
pkfcr.co.nz.png,1060
vbhtrgovina.si.png,134
secureparkinghi.com.png,1380
greatplacetowork.co.kr.png,20
aamcoindependencemo.com.png,7
pingusenglish.com.cy.png,1381
culliganfresnolindsay.com.png,102
brother.co.il.png,242
bakertilly.it.png,28
shercomotorcycles.it.png,1382
moorestoke.co.uk.png,1383
gs1tn.org.png,1384
hondatygerberg.co.za.png,1385
metlife.co.kr.png,1386
toyota-s.co.il.png,1387
greatplacetowork.co.ke.png,93
cfmoto-larissa.gr.png,1388
rutscherlebnis.at.png,1389
aamcoroundrocktx.com.png,7
trijit.uk.png,1390
mazda.lv.png,1391
venaenergy.co.jp.png,1392
carglass.ee.png,1393
mazda-autohaus-born-ludwigslust.de.png,3
grantthornton.com.ve.png,1394
toyota.com.kh.png,119
takab.nu.png,1395
flashbay.fi.png,126
esseskincare.hk.png,1185
aamcopatchogue.com.png,7
mazda-angola-autozuid.com.png,1396
stockco.co.nz.png,1397
moore-czech.cz.png,1398
culliganwatercolorado.com.png,30
allianz-kuhlemann.de.png,284
carglass.hu.png,1399
gulfcombustibles.com.png,1400
moog.co.uk.png,1401
habitatcoosavalley.org.png,1402
flashbay.hu.png,126
axabreakdown.co.uk.png,1403
europa-union-sachsen.de.png,1404
durableonline.com.sg.png,1405
daikin.com.mx.png,198
spitexlauchetal.ch.png,47
jll.com.lk.png,1406
gs1hu.org.png,1407
pkffinconta.ro.png,1408
toyotagoktepe.com.tr.png,12
yves-rocher.pt.png,1409
asendia.se.png,760
greatplacetowork.com.uy.png,459
immunospot.eu.png,1410
nordicpharma.co.uk.png,701
pingusenglish.co.id.png,1411
spitexlueg.ch.png,1412
pilotpen.co.uk.png,1413
aamcophoenixnortheast.com.png,17
zkteco.com.bd.png,1414
thisissowgood.com.png,1415
aamcospringfieldoh.com.png,7
baywa-re.vn.png,422
actemium.co.uk.png,1054
gjw-mv.de.png,267
mcdonalds.com.sg.png,1416
isover.de.png,1417
pearsonschoolsandfecolleges.co.uk.png,196
aon.lt.png,1418
aamcosouthtampa.com.png,7
culliganmonroe.com.png,102
subarusouthblvd.com.png,1419
carglass.si.png,1420
stanbicbank.co.zm.png,1421
daikinbahrain.com.png,59
minisouruguay.com.uy.png,1422
cleansui-usa.com.png,1423
wwf.at.png,1424
icafalinmobiliaria.cl.png,1425
atalian.sg.png,380
aon.co.nz.png,1426
aamcotransmissionpensacola.com.png,17
culliganstlouis.com.png,102
mazda-autohaus-klein-bietigheim-bissingen.de.png,3
grantthornton.sk.png,1427
nutrienagsolutions.ca.png,1428
culliganofmerrillville.com.png,1429
kiaspringfield.co.za.png,1266
allianz-assistance.ie.png,1430
isover.it.png,1431
aonsolutions.com.cy.png,1432
culliganmarion.com.png,102
manpowergroup.se.png,1433
aamcosantarosa.com.png,7
actemium.pt.png,1434
hansa-flex.com.pl.png,1435
benefitsystems.hr.png,1436
promat.ch.png,1437
mazda-autohaus-kalina-gelsenkirchen.de.png,3
sanlorenzo.com.pe.png,1438
pingusenglish.com.png,1164
honda.com.ng.png,1439
aamcowarrentonva.com.png,7
renault.com.my.png,1440
flashbay.es.png,126
aamcochino.com.png,7
bonprix.nl.png,1441
crocs.co.id.png,1442
adra.org.pt.png,1443
mazda112.com.png,1017
mateco-hungary.hu.png,1444
pearsonclinical.fr.png,1445
kentmaster.nz.png,1446
intersport.com.tr.png,1447
thebodyshop.com.tr.png,1448
secureparking.com.kh.png,1449
honda.com.bd.png,1450
ovb.at.png,4
kia-dresen-neuss.de.png,259
decathlonkz.com.png,1451
daikin-manufacturing.de.png,1452
aamcoconwaysc.com.png,189
starkey.com.br.png,1453
spie.lu.png,839
aiesec.ba.png,963
advocarewdp.com.png,557
compo.de.png,1454
greatplacetowork.co.il.png,1455
fattalhotelgroup.com.png,1456
mitsubishi-motors.it.png,1457
lidl.lu.png,1458
vbh.lv.png,134
lunarclient.com.png,1459
medef31.fr.png,1460
linde-gas.at.png,131
aamcosantaanaca.com.png,17
mazda-autohaus-richter-forst.de.png,3
amnesty.hu.png,728
aeccglobal.my.png,1461
nestle.ba.png,630
aamcophoenixmaryvale.com.png,7
moog.es.png,742
sephora.fr.png,115
orange.cm.png,340
bauder.ag.png,1274
aiesec.my.png,301
kia-moeller-eisenach.de.jpg,65
mercanta.de.png,1462
iba-protontherapy.com.png,1463
bakertilly.gi.png,28
adecco.ie.png,130
culliganofnashville.com.png,1464
acetoolonline.com.png,1465
gwaliasweets.ca.png,1466
servier.co.id.png,23
servier.com.pa.png,345
linde-gas.nl.png,131
narscosmetics.fr.png,733
culligangeneva.com.png,30
processcommunicationmodel.sk.png,1467
kia-moeller-eisenach.de.png,79
colorflexpackaging.com.png,1468
terradat.co.uk.png,1469
nutricia.de.png,850
yord.pl.png,1470
macma.pl.png,1471
subaru.com.pa.png,1472
bakertilly.sl.png,1473
implantcenter-dentistry.co.uk.png,1474
msd-animal-health.pt.png,1224
aamcoseattlewa.com.png,7
fmlogistic.it.png,322
synergie.es.png,1475
skssweden.se.png,1476
budgetqatar.com.png,1477
salvationarmyflorida.org.png,1478
greatplacetowork.es.png,93
subaru.jp.png,1479
aamcolexingtoneast.com.png,17
gjw-nd.de.png,267
synlab.mk.png,1480
hsbcsaudi.com.png,1481
statkraft.co.uk.png,206
savethechildren.org.ph.png,1482
edenred.fi.png,16
aamcowarrenmi.com.png,370
aamcoglendaleca.com.png,7
shopee.com.mx.png,193
fleishmanhillard.cz.png,331
pamline.fr.png,1483
mazda-autohaus-blank-dinkelsbuehl.de.png,3
intersport.ch.png,1484
despat.com.png,1485
murrelektronik.no.png,157
aamcoaustin-burnetrd.com.png,7
demetercs.eu.png,1486
avon.com.sa.png,1487
culligandesmoines.com.png,1488
aamco-councilbluffs.com.png,189
kia-kmv.ru.png,176
honda-toulouse.com.png,537
aamcopembroke.com.png,17
pmsgen.com.png,1489
aamcomarietta-cobbparkway.com.png,7
hyundaiblacktown.com.au.png,502
edenred.hu.png,1102
linexofjoliet.com.png,1490
kia-suedmobile-radolfzell.de.png,259
infiniti.mx.png,1491
kiatorun.pl.png,1492
mitsubishi-motors.pt.png,1493
plameco.be.png,862
lindehomecare.fr.png,131
rubiomonocoat.com.au.png,1494
honda-cannes.com.png,537
reedglobal.pl.png,153
aontravpro.com.png,1495
astrazeneca.pt.png,167
enterprise.dk.png,1496
mapfre.com.ni.png,1497
teknoware.ae.png,1498
amnesty.id.png,1499
murrelektronik.ch.png,157
pauldaviswi.com.png,1500
pirtek.eu.png,1501
bakertilly.ec.png,28
pkfcabrera.com.png,1502
culliganreno.com.png,1503
aamcolexingtonwest.com.png,17
kuraray.us.com.png,1504
medef-essonne.org.png,1505
hertz-autopozicovna.sk.png,1506
amnesty.is.png,728
isuzu.com.png,1507
budget-ireland.co.uk.png,1508
budgetinternational.com.png,474
worldvision.org.uk.png,1509
msd-animal-health.it.png,1510
aamcohuntingtonbeachca.com.png,17
myplumberca.com.png,1511
orange.md.png,340
toyota-montluel.fr.png,91
toyotacomauto.com.png,1512
spitexmuri.ch.png,47
canon.cl.png,1513
honda-autoland.com.png,1514
meggle.it.png,1515
mazda-autohaus-eisele-langenau.de.png,3
nestle-caribbean.com.png,15
toyotaakten.com.tr.png,12
aamcohackettstown.com.png,7
medef71.com.png,1516
esseskincare.dk.png,1269
naturesrewardcoloredcauliflower.com.png,1517
culligandenkerwaterconditioning.com.png,102
mazdalakeland.com.png,1518
boschautopartes.mx.png,438
spitexsense.ch.png,258
pkf.dk.png,1519
mazda-autohaus-flindt-marschacht.de.png,3
scholpp.it.png,1520
einhell.cz.png,597
spitextg.ch.png,1521
newson-gale.co.uk.png,1522
renault-materom.ro.png,1523
holidayland-roedermark.de.png,397
allbranded.de.png,1524
pkfkerikeri.co.nz.png,1525
eurochem-na.com.png,1526
yves-rocher.de.png,1527
mazdaoforange.com.png,1528
linexofwilliston.com.png,1529
culliganatlanta.com.png,102
etxt.biz.png,1530
pingusenglish.ac.th.png,1531
aonsolutions.com.tr.png,1532
toyotabucurestinord.ro.png,398
daikinafrica.com.png,59
synergiejobs.nl.png,1475
rotarypublicschool.org.png,1533
astrazeneca.com.hk.png,1327
aamcosandiego-miramar.com.png,7
leroymerlin.co.za.png,1534
ikea.com.tw.png,1535
inductotherm.ca.png,141
allianz.sg.png,1536
actemium.it.png,1537
intersport.com.cy.png,1538
synergiejobs.at.png,1539
trulynolenparaiba.com.br.png,581
freseniuskidneycare.cn.png,1540
kia-duerkop-hannover.de.jpg,65
aon.lv.png,1541
aamcoroanokeva.com.png,17
hyundaiofchatham.ca.png,1542
daikinchemicals.com.png,1543
airbnb.dk.png,35
allianzim.com.png,1544
subaruqatar.com.png,1545
asendia.sg.png,760
modshair-bielefeld.de.png,1177
funiber.ml.png,81
pearsonactivelearn.com.png,1546
svntrinity.com.png,1547
vans.it.png,529
nissanattheavenues.com.png,1548
nikon.com.sg.png,1549
ercagroup.com.tr.png,1550
toyotakocaelikaya.com.tr.png,12
rationalstock.es.png,1551
allianzlifechanger.com.png,1552
daikin.eu.png,484
mazda-autohaus-engelbart-delmenhorst.de.png,3
mazda.com.kh.png,1553
medef-anjou.fr.png,369
toyotasonkar.com.tr.png,12
bioderma-sk.com.png,318
medef-vendee.fr.png,369
modshair-hannover.de.png,110
mazda.com.ec.png,1554
actemium.de.png,1555
wwf.no.png,1556
overheaddoorcompanyjackson.com.png,610
rotaryclubdelima.org.png,1557
aamcoconcordnh.com.png,7
kesz.rs.png,1558
cedstone.ca.png,1559
fitness4homesuperstore.com.png,1560
worldvisionmexico.org.mx.png,1561
infiniti-abudhabi.com.png,1562
dennert.pl.png,1563
manpower.co.za.png,1564
spiegse.com.png,1565
mariagefreres.co.jp.png,1566
budgetglacier.com.png,1567
mersen.in.png,443
toyotamici.com.tr.png,1387
demeter-im-norden.de.png,429
isic.fr.png,1568
ford.if.ua.png,1569
rotary-bulgaria.org.png,1570
chauffeurstelefoon.nl.png,1571
yves-rocher.it.png,1572
crocs.ch.png,1573
kia-duerkop-hannover.de.png,79
amway.fr.png,1031
rotary-club-strasbourg.org.png,530
honda-meaux.com.png,1574
novonordisk.my.png,1575
bonprix.ch.png,1576
kokuyo-furniture.com.my.png,1577
le-tech.co.uk.png,1578
mazdaofamarillo.com.png,1579
renaulttlalnepantla.com.mx.png,1580
solatube.se.png,1581
nestle.com.ar.png,15
mediqdirekt.de.png,1582
alten.ca.png,1583
menicon.com.au.png,951
ymcatriangle.org.png,1584
cdlbarreiras.com.br.png,1585
caspak.co.nz.png,1586
bauder.lt.png,611
julis-muenchen.de.png,1587
svncredit.ro.png,115
culligannation.com.png,102
veolia.in.png,1588
nobleprog.ro.png,1589
mazda.lt.png,1391
cyrillus.com.png,1590
pearson.com.hk.png,1591
vbh.cz.png,1592
pkf-central-america.com.png,902
aamcopasadenatx.com.png,7
lidl.lv.png,1593
nutricia.pt.png,1594
mazda-autohaus-mueller-plauen.de.png,3
lidl-voyages.fr.png,1595
meggle.de.png,1596
mazda-autohaus-behrens-magdeburg-ottersleben.de.png,3
engieindia.com.png,1597
saint-gobain.al.png,1598
linde-gas.no.png,131
amnesty.ie.png,1599
bosch-pt.com.my.png,859
bmw-motorrad-euromotos-lyon.fr.png,1600
greatplacetowork.is.png,20
titancontainers.co.uk.png,390
toyotadefence.com.png,1601
modshair-nuernberg.de.png,1602
bbraun.mx.png,38
bakertilly.pt.png,1603
toyota-innviertel.at.png,571
pingusenglish.com.tr.png,1604
mcdonalds.md.png,1605
mazda.ua.png,1606
veolia.pl.png,1607
kia-brueggemann-neubrandenburg.de.png,259
fainvestors.com.png,1608
wwfchina.org.png,1609
santillana.com.sv.png,1222
wurth-international.com.png,1610
tapflo.it.png,480
shopee.com.my.png,193
edenred.es.png,16
honda-limoges.com.png,6
mazdacity.com.png,512
engie.sk.png,1611
toyotanatas.com.tr.png,12
renault-argenteuil.fr.png,1612
tbwaalif.com.png,708
murrelektronik.kr.png,157
cvjm-nuembrecht.de.png,1613
allianzpp.com.png,1614
regalsprings.com.mx.png,1615
mazdalanka.lk.png,1616
spitexgaiserwald.ch.png,47
bbraun.ec.png,38
honda-lemans.com.png,537
goliathgames.de.png,1617
pkfboi.nz.png,1618
experian.com.sg.png,1619
captrain.pl.png,1620
seats2meetstationdenbosch.nl.png,1621
mazda.ru.png,1622
isuzu.co.mz.png,1623
nestle.com.sg.png,15
aamcokansascitysouth.com.jpg,1624
aliaxis-me.com.png,988
benu.lv.png,1625
servier.pt.png,23
lindt.fi.png,203
hahn-kolb.mx.png,1626
mazda-warszawa-odyssey.pl.png,1627
krofian.de.png,1628
veka.com.sg.png,1629
bakertilly.com.cy.png,28
mazdanorkar.com.png,1630
trulynolenbarueri.com.br.png,581
bakertilly.ba.png,1631
jungheinrich.com.au.png,1632
servier.co.za.png,1633
aamcokansascitysouth.com.png,1624
cdu-aldenhoven.de.png,1634
wuerth-gruppe.ch.png,1369
affidea.lt.png,1350
aamcobrooklyn-ralphave.com.png,7
vettersculliganwater.com.png,30
synlab.si.png,471
veolia.ma.png,1635
jollibee.com.bn.png,1636
santillana.com.bo.png,1637
worldvision.cl.png,1638
rexel.se.png,1639
nestle-esar.com.png,15
aamcotempe.com.png,7
mazda-autohaus-haese-erkrath-hochdahl.de.png,3
amnestyghana.org.png,1640
toshiba-water.com.png,1641
eurofins.hr.png,1642
mercyships.se.png,1643
kia-fischer-muenchberg.de.jpg,65
wurth.cl.png,1644
mtn.com.af.png,1645
kia-mueller-genthin.de.png,259
franzcollection.com.png,1646
aamcoyumaaz.com.png,189
intersport-gros.de.png,1647
entergy-nuclear.com.png,470
ikea.es.png,1648
muvpropiedades.com.ar.png,1649
allianz.lt.png,1650
kewpie.com.sg.png,1651
spitex-romanshorn.ch.png,47
enterpriserentacar.pl.png,1652
biolchim.com.br.png,1653
toyota-handler.at.png,571
budget.rs.png,1654
lamborghini-rotterdam.nl.png,1655
linexswfl.com.png,1656
allianz.mg.png,639
ekartlogistics.in.png,1657
ikea.pr.png,1658
medef-artois.fr.png,369
daikin.az.png,806
airbnb.no.png,35
aamcobronx.com.png,7
bauermedia.no.png,1659
kia-fischer-muenchberg.de.png,79
fosterfarmsfoodservice.com.png,1660
bestdrive.fi.png,1661
honda-angouleme.com.png,1662
ilmercatoambacht.nl.png,1663
kawasaki-seufert.de.png,115
statkraft.ie.png,206
hansa-flex.at.png,256
wurth.ua.png,1664
svndesertcommercial.com.png,1665
allianzlifebali.com.png,1666
cvjm-gomaringen.de.png,1667
kia-wandscher-oldenburg.de.png,259
billygraham.ca.png,1668
funiber.it.png,81
algeco.at.png,263
kumon.com.co.png,1669
aamcotransmissionsknoxville-kingstonpike.com.png,17
ccusa.co.za.png,632
steinbacher.pl.png,1670
duracell.co.za.png,67
kia-kroppen-herten.de.png,1671
allianz.ua.png,1672
mercyships.fr.png,1673
cdlcuritiba.org.br.png,1674
demeter.ch.png,1675
bakertillylb.com.png,28
mazda-autohaus-goedde-meschede.de.png,3
stadtwerke-heidenheim-regio.de.png,1676
toupret.ch.png,1677
clearblueionizer.be.png,953
culliganlansing.com.png,102
pcllawyersfrankston.com.au.png,1678
oilfieldequipments.us.png,1679
medef-aura.fr.png,1680
hometowninsurance.us.png,1681
daikin.al.png,59
spitex-gaeu.ch.png,47
manpowergroup.cz.png,1682
sprachcaffe-muenchen.com.png,1683
grantthornton.bg.png,1684
esseskincare.no.png,1685
skoda-nancy.fr.png,833
renault.pe.png,1686
duraclean.net.png,1687
ikea.ee.png,1688
infiniti-jordan.com.png,1689
mazda-uae.com.png,1690
dopplerumbrellas.com.au.png,1691
eurotradus.eu.png,1692
flashbay.ca.png,126
allianz.lu.png,1693
aamcopasadenaca.com.png,7
culliganbrighton.com.png,30
linak.de.png,1694
grantthornton.com.pa.png,1695
bestwesternbraddock.com.png,1696
tbwa.co.za.png,1697
wurth.ae.png,1698
pkf.ch.png,1699
kia-auto-center-weiterstadt.de.png,259
pragroup.de.png,107
pefc.se.png,1700
toyotakar.com.tr.png,1701
starbucks.com.sg.png,1702
hertz.com.ge.png,1703
veolia.nl.png,304
trulynolenalagoas.com.br.png,581
bioderma.sg.png,318
mazda-autohaus-ludwig-halle-neustadt.de.png,3
msmode.lu.png,837
bbraun.pt.png,1116
bakertilly.lk.png,28
infiniti-dubai.com.png,1562
aamcoburbank.com.png,7
savethechildren.nl.png,1704
heydudeshoes.es.png,1705
duracell.es.png,67
vectorinfotech.my.png,1706
ymcasf.org.png,1707
aamcocorvallisor.com.png,17
fmc-mexico.com.png,1708
entergy-neworleans.com.png,470
aamcowalnutcreekca.com.png,7
aamcodowneyca.com.png,17
mazdaofconshohocken.com.png,756
mazda-autohaus-grasdanner-holzkirchen.de.png,3
azets.ie.png,1709
miniso-au.com.png,1710
rubiomonocoat.com.pl.png,1711
meggle-foodingredients.de.png,1712
mazda-autohaus-tietje-holmb-wedel.de.png,3
patheon.kr.png,1135
ebay.it.png,1713
lindt.es.png,984
medeforne.fr.png,905
julis-nuernberg.de.png,1714
genan.com.png,1376
vedanta-zincinternational.com.png,1715
siebtechnik-tema.com.au.png,1716
linexcoloradosprings.com.png,1717
bosch-climate.com.tr.png,707
nexigroup.com.png,69
bbraun.hr.png,38
decathlon.com.br.png,1718
intersport.dk.png,1126
renaultbank.es.png,1719
greatplacetowork.be.png,93
baywa-re.co.kr.png,422
aliaxis.be.png,988
sprachschule-aktiv-passau.de.png,1720
spitexbuchs.ch.png,47
globalconnectgroup.com.png,1721
murrelektronik.in.png,157
berlitz-augsburg.de.png,1722
medef-mayenne.com.png,1505
mapfre.com.gt.png,693
kia-daehn-goeritz.de.png,259
kiairaqnim.com.png,1266
aliaxis.bg.png,1723
aamcoofgreensboro.com.png,189
europcar.rs.png,1264
crif.sk.png,1724
aamcocovinaca.com.png,7
gjwnwd.de.png,267
mazda-warszawa-bemomotors.pl.png,1627
mazda-autohaus-mueller-und-thurnes-tholey.de.png,3
thegoodlobby.fr.png,1725
hannainst.hr.png,1726
bakertilly.vg.png,28
mersen.com.br.png,443
aamcopeoria-az.com.png,7
buydaikin.ro.png,50
whatsonsaudiarabia.com.png,1727
pmcorp.mx.png,1728
jll.lu.png,718
mazda-automobile-weberpals-sonneberg-hoenbach.de.png,3
lamborghini-zh.ch.png,115
aamcooverlandpark.com.png,7
spitex-bodensee.ch.png,47
hondamurcia.com.png,1729
aamcomorganhill.com.png,7
nordicpharma.fr.png,216
murrelektronik.pl.png,157
aamcoeastonpa.com.png,17
aamcoantiochca.com.png,17
mazdaofescondido.com.png,1730
toysrus.com.sa.png,596
abc-autoglas.de.png,1731
miniso.com.ec.png,1732
cardif.pl.png,1733
getscsadmin.com.png,1734
nestle.hr.png,630
medef-paysdelaloire.fr.png,1516
worldvision.co.png,498
compo-hobby.it.png,570
ikea.is.png,1688
baywa-re.fr.png,422
subway-franchise.fr.png,1735
worldvisionamericalatina.org.png,1561
spg-motoren.de.png,1736
aamco-omahasouth.com.png,189
gs1.org.bo.png,1737
atalian.lu.png,380
mazda-autohaus-wagner-dortmund.de.png,3
renaultcancun.com.mx.png,1738
toyota-indus.com.png,1739
eccreditcontrol.com.au.png,1740
wurth.co.png,1741
ibc-solar.it.png,1742
isover.co.kr.png,144
culliganlacrosse.com.png,30
foxinaboxgoldcoast.com.png,1743
mazdafwb.com.png,133
tributek.com.png,1744
holidayland-bruchkoebel.de.png,397
saint-gobain.com.co.png,1745
toyotaploiesti.ro.png,398
atalian.cz.png,1746
techmatrix-asia.com.png,1747
ikea.com.hk.png,1535
polarysgroup.eu.png,1748
funiber.sn.png,946
pingusenglish.my.png,1164
remax.fi.png,1749
airbnb.nl.png,35
ampersand-world.com.png,1750
asendiausa.com.png,760
culliganwisconsin.com.png,102
mazda-autohaus-schmidt-meschede.de.png,3
veoliawatertechnologies.de.png,433
globalconnectcarrier.com.png,1721
aamcodelran.com.png,7
hondasemarangcenter.com.png,1751
bestdrive.ie.png,1752
infiniti.com.pa.png,127
europa-union-diepholz.de.png,285
bakertillymlt.se.png,28
vans.com.au.png,1186
nobleprog.co.th.png,1753
pkf.co.uk.png,902
petercem-sensors.com.png,1754
sprachschule-aktiv-kaiserslautern.de.png,1755
entergy-texas.com.png,470
veoliawatertechnologies.it.png,1756
rotary7610.org.png,1757
spitex-flawil-degersheim.ch.png,1758
bosch-industrial.com.png,859
richs.co.uk.png,1759
shopee.vn.png,193
pkf.swiss.png,902
kumon.com.ar.png,1760
greatplacetowork.com.pe.png,459
cvjm-dettingen.de.png,1761
eurofinsfoodtesting.com.png,998
bbraun.com.my.png,855
kia-penning-zetelneuenburg.de.jpg,65
linak-latinamerica.com.png,1762
indianmotorcycle.com.ar.png,1763
chip.pl.png,1764
demeter.at.png,1765
zkteco.com.eg.png,1766
kelloggs.fr.png,257
mazda-autohaus-gollan-hamm.de.png,3
aamcopennsaukennj.com.png,7
genya.it.png,111
msd-animal-health.co.uk.png,1767
hyundaicentralsales.com.png,1768
kawasaki-magdeburg.de.png,115
crocs.pl.png,1573
wurth.lv.png,999
flashmed-lb.com.png,1769
esseskincare.nl.png,1269
freseniusmedicalcare.ca.png,1770
aamcokcnorth.com.png,17
aamcowoodstock-mainst.com.png,7
wuerth.bg.png,1771
tridentseafoods.jp.png,1772
menicon.es.png,951
aonsolutions.gr.png,1532
medef-ardennes.com.png,1773
fmc-symposium.cz.png,1774
culliganslc.com.png,1775
boschtools.com.png,1776
mazda-autohaus-bolluck-goslar.de.png,3
mateco.nl.png,1777
svnchicagopm.com.png,1778
aamcochannelviewtx.com.png,7
insize.com.br.png,1779
honda-lille.com.png,537
mazda-autohaus-hellwig-hoyerswerda.de.png,3
carlsjr.fr.png,1780
kia-penning-zetelneuenburg.de.png,79
isover.com.br.png,1781
servier.it.png,23
nobleprog.com.ar.png,1782
aamcomcallen.com.png,7
axa-assistance.cz.png,1244
hansa-flex.us.png,256
servier.co.th.png,894
chubblifefund.com.vn.png,1783
subaru-bd.com.png,1784
kia-bachmann-wehretal.de.png,1785
hertz.yt.png,1786
fleishmanhillard.ph.png,331
aamcowestbroward.com.png,17
ovb.gr.png,4
sompo-intl.com.png,1787
engieservices.us.png,1788
aamcostroudsburg.com.png,7
century21viaplus.be.png,1789
bauder.fr.png,1790
culliganmichigan.com.png,102
aamcovictorvilleca.com.png,17
euromaster.cz.png,1791
tupperware.it.png,755
viacon.fi.png,1023
spitexrl.ch.png,47
aamco-omahawest.com.png,189
lamborghini-cannes.com.png,1792
hendersonkyedc.com.png,1793
santander.com.mx.png,1794
santanderconsumer.se.png,1241
nikonclub.fr.png,1795
invisalign.ch.png,714
sackit.no.png,1796
advantisengineering.com.png,1797
kia-maier-cham.de.jpg,65
mazda-autohaus-lommel-grettstadt.de.png,3
microbit.nl.png,1798
toyota-ulrichshofer.at.png,571
daad-australia.org.png,1799
budgetoman.com.png,1800
kia-poeschl-bensheim.de.png,259
benu.lt.png,722
avis.co.mw.png,1801
sealy.co.kr.png,1802
aamcocollegestationtx.com.png,1624
unicharm.co.in.png,510
job-impulse.us.png,978
cdvi.ca.png,1803
kia-maier-cham.de.png,79
aamcooklahomacity-northwest.com.png,7
spitexaadorf.ch.png,1804
mazda.ph.png,1805
aamcotulsa-brokenarrow.com.png,17
mazda-autohaus-sturne-rochlitz.de.png,3
amphenolaudio.com.png,1806
daikin-iraq.com.png,59
cinnabon.mx.png,1807
synlab.com.ng.png,1808
fronticsamerica.com.png,1809
medef-dromeardeche.fr.png,1138
berlitzph.com.png,1810
veka.pt.png,1811
aamcofrederickmd.com.png,7
toyotacetas.com.tr.png,1387
altengt.com.png,1812
lindt.com.mx.png,1813
davesmithfordonline.net.png,1814
gs1.ro.png,1815
aamcomanchesterct.com.png,17
kiaofwestchester.com.png,1816
wuerthmarket.ru.png,1817
advocaremorristownpediatrics.com.png,557
synlab.hr.png,1818
internationalsos.no.png,1819
bbraun.fi.png,38
altenromania.ro.png,1820
benu.ch.png,1821
starbucks.com.gr.png,1822
pefc.dk.png,1823
jll.ch.png,1824
servier.si.png,345
aviabienert.de.png,1825
veoliawatertech.com.png,1826
aamconorwalk.com.png,1827
bauder.rs.png,1274
culliganquadcities.com.png,80
bbraun.hu.png,38
toyotaborovali.com.tr.png,1828
bakertilly.uy.png,576
mazda-autohaus-doerenkaemper-bad-hersfeld.de.png,3
spitexzug.ch.png,1829
lamborghini-frankfurt.com.png,1830
narscosmetics.co.uk.png,733
lamborghini-berlin.com.png,1831
murrelektronik.com.cn.png,157
louisdepoorterestore.com.png,1832
aamcocharlottesville.com.png,7
toyotapasongtamo.com.png,1833
arkaybeverages.com.png,1834
julis-rhein-berg.de.png,1835
reedglobal.ae.png,153
jetfriorefrigeracao.com.br.png,1836
reedglobal.cz.png,84
murrelektronik.se.png,157
experian.com.hk.png,1619
toysrus.com.ph.png,596
bakertilly.bg.png,28
servier.es.png,894
mazda.gr.png,841
tasuki-holdings.co.jp.png,1837
fmlogistic.com.ua.png,322
tupperware.es.png,115
asendia.at.png,760
bioderma.pl.png,318
linde-gas.fr.png,131
santillana.com.ar.png,1838
pearsonclinical.co.uk.png,1445
avon.co.mu.png,1839
topdoctors.cl.png,1840
mazda-ma.com.png,1841
mazda-autohaus-schneider-sondershausen.de.png,3
kiaonline.dk.png,82
aamcolexingtonparkmd.com.png,7
aamcoeastbrunswick.com.png,17
amway.ch.png,1031
astrazeneca.com.tr.png,1842
aamcogaithersburgmd.com.png,17
printsasia.com.png,1843
aamcofontanaca.com.png,7
acuraofwappingersfalls.com.png,1844
cdvielectronics.com.png,1166
toyota.com.np.png,119
toolstationjobs.nl.png,1845
allianz.ma.png,1430
kia-gorny-eislingen.de.png,79
aamcoinglewoodca.com.png,7
toyota.com.mk.png,1846
sofrecogroup.com.png,1847
lamborghini-paris.com.png,115
intersport-martinique-guadeloupe.fr.png,1368
medef-ain.fr.png,905
mooresingapore.com.png,1848
aamcowashingtondc.com.png,7
kelloggs.gr.png,257
bbraun.com.br.png,38
veoliawatertechnologies.es.png,1005
asieris.com.png,1849
hansa-flex.co.uk.png,1850
einhell.rs.png,44
einhell.pl.png,44
toyotaalbania.al.png,115
kia-gorny-eislingen.de.jpg,65
mazdaofmilford.com.png,1851
kern-liebers.it.png,1852
aamcola-culvercity.com.png,7
modshair.co.nz.png,1853
avia.nl.png,1854
nexi.gr.png,983
strabag-pfs.com.png,1855
netterden.com.png,1856
spitex-regionbirs.ch.png,1857
gs1al.org.png,1858
lamborghinimontreal.com.png,1859
pkfcs.co.nz.png,1860
aamcosouthloopautorepair.com.png,7
isover.bg.png,1861
bonprix.se.png,1576
algeco.cz.png,909
statkraftvarme.no.png,206
mercyships.dk.png,1298
aamconewportnews.com.png,7
medef-aude.com.png,369
mapfre.pr.png,1862
baywa-re.pl.png,422
sonepar.cz.png,1863
delreg.com.png,1864
aamcolongbeachca.com.png,17
cfmotobenelux.eu.png,1865
aamcomorrisvillepa.com.png,7
rubiomonocoatusa.com.png,1711
aamcospringfieldva.com.png,7
aamcopuyallupwa.com.png,7
ccusa.sk.png,632
kynixsemiconductor.com.png,1866
mazda-automobile-maier-cham.de.png,3
actemium.ca.png,1555
mazdacorpuschristi.com.png,1867
aamcocolumbus-clevelandave.com.png,17
cfmoto.com.tr.png,1868
veoliawatertechnologies.fi.png,1005
medef-franche-comte.com.png,100
lightspeedhq.fr.png,642
mazda-autohaus-tillack-perleberg.de.png,3
meggle-bakery.com.png,553
europa-union-bremen.de.png,285
glamsmile.be.png,1869
mazda-autohaus-moellenkamp-rheine.de.png,3
hansa-flex.com.cn.png,1870
aamcosalemor.com.png,7
berlitzhautsdefrance.fr.png,1871
ibc-solar.es.png,1872
wurthcanarias.es.png,1873
allianz.nl.png,639
culliganlasvegas.com.png,102
wurth.nl.png,1874
truemoney.com.vn.png,1875
menicon.de.png,1876
grantthornton.az.png,1877
mazda-tarnowskiegory-mirai.pl.png,1627
aamcosanrafaelca.com.png,7
kia-trinkle-schorndorf.de.png,259
kuestarubber.com.png,1878
metlife.com.uy.png,1174
intersport-arc2000.com.png,339
mazdaofwooster.com.png,1879
deheus.com.vn.png,1880
culliganadvantage.com.png,102
toyota-bauer.at.png,571
linde-gas.com.png,131
andre-media.it.png,1881
aamcogastonianc.com.png,189
hertz.com.do.png,1882
worldvision.bo.png,1883
bbraun.pe.png,1884
aamcowintervillenc.com.png,189
spitex-wiggertal.ch.png,47
keytitlegroupsa.com.png,1885
cdljatai.com.br.png,1886
habitatindiana.org.png,1887
culligantotalwateriowa.com.png,102
mapfre.com.py.png,693
servier.hu.png,894
ccusa.com.au.png,632
toyotaconstanta.ro.png,398
toyotabatangas.com.ph.png,1888
isuzu-vietnam.com.png,1889
nestle.ir.png,15
dfsk.tn.png,1890
veolia.cz.png,1891
sitechdo.com.mx.png,1892
msd-animal-health.be.png,425
dulux.in.png,1893
moore.swiss.png,1894
ford.lviv.ua.png,173
edenred.com.ar.png,16
aamcobradenton.com.png,7
toyotaaykon.com.tr.png,1895
cfmotoperu.com.png,1896
invisalign.ae.png,714
aamco-chesapeakeva.com.png,7
statkraft.com.tr.png,206
papajohns.ma.png,1343
aamcohouston-veteransmemorial.com.png,7
synlab.ec.png,1897
murrelektronik.fr.png,157
future-x.at.png,1898
bonprix-fl.be.png,1441
ardex.pl.png,746
edenredrewards.co.in.png,1899
avia-unimot.com.ua.png,1900
cinnabon.ca.png,1901
nestle.ro.png,630
furuno.it.png,463
mazda-autohaus-wassing-ahaus-wuellen.de.png,3
moore.es.png,1902
bioderma-india.in.png,318
aamconorthridgeca.com.png,7
solatube.no.png,1581
adfc-radtourismus.de.png,1903
dulux.pl.png,464
aamcoconcord.com.png,7
tescomobile.sk.png,1904
mazda-autohaus-stiefel-muehlacker.de.png,3
platingsystems.info.png,1905
nobleprog.mx.png,1782
nestle.com.py.png,630
culliganuppercumberland.com.png,1906
santander.com.uy.png,1907
mazda-autopark-rath-krefeld.de.png,3
kia-bandung.com.png,1908
veolia.com.ru.png,1635
mazda-autohaus-baumgart-altensteig.de.png,3
aamcoblog.com.png,7
ebay.co.kr.png,1909
aamcosurprise.com.png,7
nestle.si.png,630
globalconnect.de.png,320
gracehomes.us.png,1910
servier.com.br.png,1911
benu.nl.png,1912
culliganphoenix.com.png,30
europa-union-hessen.de.png,1913
veka.hu.jpg,1914
mffshopen.se.png,1915
shahshalalfood.com.png,1916
starkeypro.com.au.png,1917
goliathgames.es.png,752
synlab.de.png,1918
nissanmiddletownny.com.jpg,1919
protectourwinters.de.png,1920
toyotacavdarli.com.tr.png,12
veka.hu.png,1921
axa-assistance.ma.png,27
inductothermgroup.com.br.png,141
pkfcaribbean.com.png,13
logmaxbr.com.br.png,1922
pirtek.be.png,365
ardex.dk.png,1923
malerasstockholm.se.png,115
rotaryclubmedellin.org.png,1924
meggle.co.jp.png,553
enefitvolt.com.png,1925
nissanmiddletownny.com.png,1926
pearson.com.cn.png,1927
toysrus.com.sg.png,1928
astrazeneca.ca.png,167
aamcowoodbridgeva.com.png,7
duracell.it.png,67
savethechildren.org.au.png,1181
bbraun.ro.png,38
desjoyauxgh.com.png,1929
bakertilly.ng.png,28
europa-union-sachsen-anhalt.de.png,285
servier.co.uk.png,345
subway.com.my.png,475
mazda-warszawa-auto2000.pl.png,1627
aamcorandallstownmd.com.png,7
ebay.com.tw.png,1930
europa-union-niedersachsen.de.png,285
airbnb.com.br.png,428
planncosteels.com.png,1931
pragroup.fi.png,107
sprachschule-aktiv.de.png,1932
kiaofstcatharines.com.png,1933
kia-jaeger-bevern.de.jpg,65
honda-strasbourg.com.png,6
atalian.nl.png,1934
bakertilly-ca.com.png,28
stanbicbank.co.ke.png,1935
spitex-appenzellerland.ch.png,47
toyota-chartres.fr.png,1936
toyota-saint-victoret.com.png,1365
nestle.co.kr.png,15
amway.at.png,1031
kia-christ-ansbach.de.png,259
stora-drain.be.png,1937
papajohns.com.tr.png,1938
berlitzmanchester.com.png,1026
glintinc.com.png,1939
hyundai.ge.png,1940
annotext.de.png,111
medef-corse.com.png,369
toyotakuzen.com.tr.png,1387
metagenics.co.jp.png,1941
grantthornton.tn.png,1684
plameco-hannover.de.png,1942
airbnb.cz.png,35
wuerth.com.hr.png,1943
avia.ch.png,1944
mitsubishielevator.co.kr.png,1945
kia-hotz-gardelegen.de.png,79
krugerkaldnes.no.png,1946
kia-hotz-gardelegen.de.jpg,65
toyotaelpa.com.tr.png,12
daikin.mk.png,59
shimadzu.com.cn.png,1947
toyotasarar.com.tr.png,12
mtn.co.rw.png,1948
isover.be.png,1949
kia-jaeger-bevern.de.png,79
adra.ca.png,1950
zhcpa.cn.png,1951
renault.jo.png,204
sonepar.co.png,1952
eftech-international.com.png,1953
experian.in.png,1954
honda-bordeaux.com.png,537
mazda-autohaus-schmidt-oschatz.de.png,3
pkfboston.com.png,1105
metlife.com.bd.png,129
airbnb.cl.png,35
heliosstrategia.pl.png,1955
toyotaoztoprakhatay.com.tr.png,12
kia-levy-wittenberg.de.png,259
repsol.com.mx.png,350
honda-melun.com.png,1956
ccusa.co.uk.png,632
budatec.de.png,1957
aamcokellertx.com.png,17
manpowergroup.no.png,1958
kumon.com.bo.png,506
jdm.com.pe.png,1959
duracleanmaine.com.png,1960
monster.be.png,419
honda-nig.com.png,1961
decathlon-karriere.de.png,1962
manpowergroup.ch.png,1963
vans.com.ar.png,1964
lueck-gruppe.de.png,1965
bellaplanta.de.png,1966
top1toysbleijenberg.nl.png,1967
gulfoil.co.uk.png,1968
mazda-wroclaw-wrobel.pl.png,1969
culliganbetterwater.com.png,1970
einhell.dk.png,44
linak.es.png,1971
wuerth.com.kh.png,1972
kiaofmuncie.com.png,1973
metlife.cl.png,89
aamcotemeculaca.com.png,17
wurthsaudi.com.png,1974
ymcaswv.com.png,915
chicco.com.mx.png,477
spp.cz.png,1975
ealang.com.cn.png,1976
vkf-renzel.bg.png,222
aamcocapistranobeachca.com.png,17
ikea.com.do.png,1977
wuerth.my.png,1978
culliganlemars.com.png,102
ikea.co.id.png,1184
culliganwaterburlington.com.png,80
spitex-region-zofingen.ch.png,47
mazda-autohaus-kramer-kirchberg.de.png,3
experian.co.nz.png,1619
mapfre.com.sv.png,1979
toyota-rambouillet.fr.png,451
carlsjr.com.sg.png,1980
securitas24.de.png,1981
santillana.com.co.png,726
culliganwaternebraska.com.png,30
affidea.ch.png,1982
husse.hu.png,1983
svnefird.com.png,1984
lidl-ni.co.uk.png,1378
allianz-genc.de.png,284
bigfootdigital.co.uk.png,1985
murrelektronik.com.tr.png,157
ymcaup.org.png,1986
mazda-autohaus-wedding-engelskirchen-albertsth.de.png,3
nestle.fi.png,15
bimeda.ie.png,1987
engie.co.uk.png,1988
murrelektronik.sg.png,157
allianz-handwerker.de.png,1672
subaru.com.np.png,1989
einhell.co.uk.png,44
wwfcz.org.png,1990
lindt.de.png,1991
veolia.cn.png,1635
kiaofoldsaybrook.com.png,1992
servier.sk.png,23
repsol.in.ua.png,1993
culliganh2o.com.png,1994
ardex-france.fr.png,1995
baywa-re.com.au.png,422
mycabin.ie.png,1996
elderhouseadc.com.png,1997
jll.nz.png,718
subaru.mt.png,1998
salvationarmy.org.sg.png,1999
nutricia.be.png,2000
pkfuae.com.png,2001
cvjm-muenchberg.de.png,2002
medef-pays-basque.fr.png,100
rinnai.com.tw.png,2003
veolia.com.sg.png,2004
aamcoerlanger.com.png,7
promstahl.de.png,2005
aamcostatenisland.com.png,7
culligantotalwaterbaraboo.com.png,102
