Filepath,overall
logos/bcurelaser.com.png,0
logos/synergie.com.png,1
logos/luminishealthcareers.org.png,1
logos/linde-gas.sk.png,2
logos/savethechildren.org.uk.png,1
logos/ovb.ro.png,0
logos/mazda-autohaus-fritsche-grossschoenau.de.png,1
logos/honda-metz.com.png,1
logos/aamcoglendaleoldtown.com.png,3
logos/fmlogistic.cz.png,1
logos/mazda-autohaus-hamester-hamburg-bergedorf.de.png,1
logos/edenred.com.uy.png,1
logos/pkf-dominicana.com.png,1
logos/subway.com.tw.png,4
logos/fluidmasteruk.com.png,5
logos/toyotagocmenturk.com.tr.png,1
logos/aamcoalbuquerque.com.png,6
logos/toyota-magny.fr.png,1
logos/aamcocatonsvillemd.com.png,3
logos/nestle.se.png,1
logos/tanameracoffee.com.png,7
logos/stosignature.com.png,8
logos/pkf.com.tr.png,1
logos/servier.ru.png,9
logos/greatplacetowork.mu.png,10
logos/servier.com.ar.png,1
logos/axa.dz.png,11
logos/mazda-autohaus-hansmann-kassel.de.png,1
logos/veolia.bg.png,1
logos/aamcopottstownpa.com.png,3
logos/smittysmb.ca.png,1
logos/aquatherm-belux.be.png,1
logos/bakertilly.cl.png,1
logos/ibc-solar.co.za.png,1
logos/culliganflint.com.png,12
logos/prioritymanagementscotland.co.uk.png,1
logos/crif.hk.png,1
logos/mitsubishielectric.com.cn.png,1
logos/affidea.ba.png,1
logos/sunnybrookprintshop.ca.png,13
logos/crocs.co.nz.png,14
logos/bbraun.pk.png,1
logos/webster.nl.png,15
logos/veka.fr.png,16
logos/einhell.hr.png,10
logos/airbnb.com.ar.png,17
logos/aamcoescondido.com.png,3
logos/mazda-autohaus-torp-wilhelmshaven.de.png,1
logos/inductothermhw.com.png,1
logos/miniso.nc.png,1
logos/mitsubishi-motors.com.om.png,18
logos/mazda-autohaus-boehme-lutherstadt-wittenberg.de.png,1
logos/spitexgossau.ch.png,19
logos/daikinitalyshop.it.png,20
logos/h2oinnovation.mx.png,1
logos/kia-guadeloupe.com.png,1
logos/warmupdeutschland.de.png,1
logos/toyotaefe.com.tr.png,1
logos/roca.co.th.png,1
logos/cdviberica.com.png,1
logos/wwf.ro.png,1
logos/howdenoze.pl.png,1
logos/toyota.com.co.png,1
logos/aamcoredlandsca.com.png,21
logos/kia.co.sz.png,1
logos/toyotaquezonavenue.com.ph.png,22
logos/daikinqatar.com.png,1
logos/abilways.be.png,23
logos/julis-sachsenanhalt.de.png,24
logos/saint-gobain-glass.co.uk.png,1
logos/shimadzu-la.com.png,17
logos/duracell-me.com.png,1
logos/wedos.com.jpg,1
logos/ubicast.tv.png,25
logos/decathlon.cz.png,26
logos/menschenfuermenschen.at.png,27
logos/spitexrontalplus.ch.png,19
logos/nexi.hr.png,28
logos/kia-car-center-wismar.de.jpg,1
logos/howdenoze.pl.jpg,1
logos/bbraun.co.uk.png,29
logos/nutriciababy.be.png,1
logos/ymcawaycross.com.png,30
logos/jscosccha.com.png,0
logos/pilotpen.eu.png,31
logos/kia-car-center-wismar.de.png,1
logos/aamcomanassasva.com.png,3
logos/culligangrandisland.com.png,32
logos/mazdaofportcharlotte.com.png,1
logos/funiber.fr.png,1
logos/starkey.co.kr.png,33
logos/chicco.com.tw.png,34
logos/wedos.com.png,1
logos/kia.pt.png,0
logos/isover.cz.png,1
logos/ymcachicago.org.png,1
logos/reedglobal.com.tr.png,1
logos/idealindustries.cn.png,1
logos/pingusenglish.vn.png,1
logos/metlife.com.ar.png,1
logos/toyota-rillieux.fr.png,1
logos/gulfoilchina.com.png,35
logos/airbnb.be.png,17
logos/aamcohagerstownmd.com.png,3
logos/greatplacetowork.com.py.png,36
logos/mercyships.de.png,0
logos/amnesty.org.ph.png,1
logos/daikin-china.com.cn.png,20
logos/airbnb.ca.png,17
logos/childrenandteendentalfl.com.png,1
logos/medef-seine-estuaire.fr.png,37
logos/besins-healthcare.com.mx.png,20
logos/toysrus.pt.png,38
logos/culligantoledo.com.png,39
logos/intersport-crestvoland.com.png,0
logos/medef-htcis.com.png,37
logos/stoag.ch.png,1
logos/anadolumedicalcenter.al.png,40
logos/pragroup.se.png,41
logos/modshair-koeln-city.de.png,42
logos/melgarcases.com.png,1
logos/trakm8.cz.png,1
logos/tbwa.co.nz.png,43
logos/aamcoscottsdaleroad.com.png,3
logos/bizfilings.com.png,1
logos/rexel.it.png,1
logos/aamcoabingtonpa.com.png,3
logos/soneparthailand.com.png,1
logos/xwiftracingevents.be.png,1
logos/brother.cn.png,44
logos/sprachschule-aktiv-basel.ch.png,1
logos/pilotpen.com.au.png,1
logos/wurth.lk.png,1
logos/aamcoanaheim.net.png,3
logos/ecochillers.net.png,45
logos/mazda.com.tr.png,0
logos/aamcodovernj.com.png,3
logos/pkfea.com.png,1
logos/toyota.com.la.png,1
logos/cinnabon.com.tr.png,0
logos/honda.com.hk.png,1
logos/flashbay.no.png,1
logos/kiamarin.com.png,46
logos/culliganromeo.com.png,39
logos/linde-finance.com.png,2
logos/metlife.com.tr.png,1
logos/mazda-autohaus-roeser-grossmaischeid.de.png,1
logos/bbraun.com.vn.png,1
logos/infiniti.com.do.png,0
logos/mazdaoflodi.com.png,1
logos/mazdaofnorthmiami.com.png,1
logos/adeccome.com.png,10
logos/isover.ua.png,47
logos/ccusa.co.nz.png,1
logos/bestdrive.pl.png,48
logos/inductotherm.com.au.png,49
logos/spie-wirliebenkabel.de.png,1
logos/habitatbroward.org.png,50
logos/vbh.hr.png,51
logos/kind-der-stadt.at.png,1
logos/sto-sea.com.png,1
logos/bakertilly.lu.png,1
logos/mazda-autohaus-fenzl-hauzenberg.de.png,1
logos/intersport.sk.png,0
logos/spitex-muellheim.ch.png,19
logos/aonhewitt.com.cy.png,10
logos/bbraun.ru.png,1
logos/wurth.co.ke.png,1
logos/worldvision.al.png,52
logos/customneon.com.au.png,53
logos/aamcowestpalmbeach.com.png,3
logos/hertzhn.com.png,54
logos/aamcoclaymontde.com.png,3
logos/ringcontainers.co.uk.png,1
logos/movingstarsinc.com.png,1
logos/reedglobal.bg.png,55
logos/medef79.fr.png,37
logos/ardex.eu.png,1
logos/murrelektronik.sk.png,56
logos/analytik-jena.ru.png,1
logos/kiaofbillings.com.png,57
logos/duracell.in.png,1
logos/catsprotectionshop.co.uk.png,58
logos/axa.com.br.png,11
logos/wurth-international.com.cn.png,1
logos/murrelektronik.ro.png,56
logos/solatube.com.cn.png,1
logos/apolloclinicguwahati.co.in.png,1
logos/bimedasuramerica.com.png,59
logos/unitecnica-us.com.png,60
logos/garminstore.com.br.png,1
logos/saint-gobain.ru.png,7
logos/aamcoelcajon.com.png,3
logos/wuerth.co.th.png,1
logos/africell.ao.png,1
logos/aamconewwindsor.com.png,3
logos/foxinaboxbrisbane.com.png,61
logos/experian.co.uk.png,1
logos/astrazeneca.ua.png,1
logos/habitatns.ca.png,1
logos/invisalign.co.kr.png,62
logos/martinavenueshops.com.png,63
logos/kia-crimea.ru.png,1
logos/ford.pl.ua.png,64
logos/bauer-egypt.com.png,1
logos/tchibo.cz.png,0
logos/mazda-lodz-matsuoka.pl.png,0
logos/crif.pl.png,1
logos/bioderma.ec.png,1
logos/ford.dn.ua.png,64
logos/subaru.nc.png,65
logos/kalyanmachines.com.png,1
logos/mazdabali.co.id.png,1
logos/desjoyaux.com.cn.png,1
logos/ebay.fr.png,1
logos/aamcosuffolkva.com.png,3
logos/subaru.com.tr.png,1
logos/msd.es.png,1
logos/aamcophoenixcentral.com.png,3
logos/greatplacetowork.ch.png,36
logos/duracell.pl.png,1
logos/santillana.com.uy.png,1
logos/mazda-service-koch-ludwigsfelde.de.png,1
logos/toyotatokullar.com.tr.png,1
logos/aamcopinevillenc.com.png,6
logos/carter-benson.com.png,1
logos/domcortraffic.ca.png,1
logos/tensar.com.cn.png,1
logos/einhell.com.ar.png,10
logos/amway.com.do.png,0
logos/yonyou.com.hk.png,1
logos/shopee.co.th.png,1
logos/furuno.gr.png,1
logos/pearsonclinical.com.au.png,20
logos/daikinczech.cz.png,1
logos/zkteco.co.za.png,1
logos/spitex-regiokirchspiel.ch.png,19
logos/aamcoeastmesa.com.png,3
logos/analytik-jena.fr.png,1
logos/aamcofortlauderdale-dixiehwy.com.png,6
logos/bakertilly.com.ve.png,1
logos/aamcophilly-frankfordave.com.png,3
logos/mazda-service-metz-marne.de.png,1
logos/mazda-autocentrum-engin-holzminden.de.png,1
logos/orange.sn.png,52
logos/renault-tessenderlo.be.png,1
logos/murrelektronik.es.png,56
logos/mitsubishielectric.se.png,1
logos/aamcohightstownnj.com.png,3
logos/lindt.dk.png,1
logos/hertz.am.png,1
logos/siiora.org.png,1
logos/culliganchampaign.com.png,12
logos/statkraft.com.br.png,1
logos/remaxcrystal.com.png,1
logos/sonepar.com.sg.png,1
logos/julis-mfr.de.png,66
logos/boschautoparts.com.png,1
logos/nestle.do.png,1
logos/engie.nl.png,67
logos/adecco.com.vn.png,10
logos/equans.hu.png,1
logos/mazda.de.png,0
logos/svnnc.com.png,0
logos/nordicpharma.it.png,1
logos/linde-gas.ee.png,2
logos/bbraun.ph.png,1
logos/linde-gas.fi.png,2
logos/kiaofabilene.com.png,68
logos/intersport.si.png,1
logos/mazda-autohaus-hansmann-melsungen.de.png,1
logos/thebodyshop.ee.png,69
logos/vkf-renzel.cz.png,1
logos/secureparking.com.lb.png,1
logos/thebodyshop.fi.png,69
logos/toyotaaydogan.com.tr.png,1
logos/starbucks.in.png,70
logos/medicover.de.png,1
logos/shimadzumea.com.png,71
logos/mazda-autohaus-gerhard-figge-waldeck-hoeringhausen.de.png,1
logos/carglass.ma.png,72
logos/toyota.ae.png,10
logos/cdlcampina.org.br.png,73
logos/attijariwafabank.com.eg.png,74
logos/medef-seineetmarne.fr.png,37
logos/mazda-poznan-voyager.pl.png,1
logos/remax-go.com.ar.png,1
logos/orange.co.bw.png,75
logos/einhell.de.png,10
logos/budget.com.do.png,1
logos/tts-group.at.jpg,1
logos/mateco.bg.png,1
logos/aamcoconyersga.com.png,3
logos/honda-larochelle.com.png,1
logos/cfmoto.com.br.png,1
logos/culliganallegan.com.png,12
logos/aamcogreensburgpa.com.png,1
logos/renault.dk.png,1
logos/aamcobristolpa.com.png,3
logos/jungheinrich.cn.png,43
logos/bbraun.com.ar.png,1
logos/aamcolaurelmd.com.png,3
logos/aamcobrookfieldwi.com.png,3
logos/brother.com.pe.png,76
logos/mazda-autohaus-berlenbach-bergischgladbach.de.png,1
logos/pkfthailand.asia.png,77
logos/isover.lv.png,1
logos/metlife.com.cy.png,1
logos/tts-group.at.png,1
logos/pepsico.rs.png,1
logos/toyotaotojen.com.tr.png,1
logos/algeco.com.png,78
logos/siebtechnik-tema.cn.png,79
logos/stampinup.ca.png,1
logos/disneychannel.co.za.png,80
logos/ohb-system.de.png,0
logos/mazda-autohaus-haeusler-fuerstenfeldbruck.de.png,1
logos/williamblairfunds.com.png,1
logos/aamcobakersfield-whiteln.com.png,3
logos/shimadzu.com.br.png,71
logos/hansa-flex.be.png,1
logos/kelloggs.it.png,10
logos/aamcooflascruces.com.png,1
logos/aeccglobal.co.th.png,1
logos/thebodyshop.si.png,69
logos/kia-telke-badschlema.de.png,1
logos/spitex-trevalli.ch.png,1
logos/wwf.es.png,1
logos/kia-burian-celle.de.jpg,1
logos/mazda-autohaus-kilger-regen.de.png,1
logos/deheus.co.in.png,1
logos/algeco.be.png,1
logos/remax-pinneberg.de.png,81
logos/rotary.no.png,82
logos/pilotpen.it.png,83
logos/soneparusa.com.png,84
logos/mazda-autohaus-roessel-birkenau.de.png,1
logos/veoliawatertechnologies.fr.png,85
logos/mazda-autohaus-weber-magdeburg.de.png,1
logos/gjw-bb.de.png,86
logos/culliganindiana.com.png,39
logos/misterwhat.nl.png,1
logos/kia-h-p-schiffweiler.de.png,1
logos/honda-grenoble.com.png,1
logos/santanderuniversidades.com.mx.png,87
logos/whirlpool-bangladesh.com.png,0
logos/dahmira.kz.png,88
logos/remax-lueneburg.de.png,81
logos/daikindevice.cz.png,1
logos/daikinmalaysia.com.png,1
logos/hyundai.sn.png,1
logos/bbraun.com.tr.png,1
logos/grantthornton.ci.png,1
logos/kia-h-p-schiffweiler.de.jpg,1
logos/daikin.com.sg.png,1
logos/toofacedcosmetics.jp.png,1
logos/mazda-autohaus-thoss-falkenstein.de.png,1
logos/aamcomiddletownny.com.png,6
logos/ibc-solar.jp.png,1
logos/maxus-norddeutschland.de.png,0
logos/norauto-empleo.es.png,0
logos/batistareisfloresonline.com.br.png,89
logos/kia-burian-celle.de.png,1
logos/mazda-autohaus-dorner-riedlingen.de.png,1
logos/europa-union-havelland.de.png,90
logos/sekulin-allianz.de.png,1
logos/bakertilly.lv.png,1
logos/tupperware.fr.png,1
logos/mazda-autohaus-wilhelm-huellhorst.de.png,1
logos/linde-gas.es.png,2
logos/canonburgos.com.png,91
logos/skybusiness.co.nz.png,23
logos/canon.com.br.png,1
logos/wurth.com.do.png,1
logos/airbnb.com.co.png,17
logos/viessmann.ua.png,92
logos/einhell.com.tr.png,10
logos/bbraun.se.png,1
logos/gs1.dk.png,1
logos/benlomondinc.com.png,1
logos/savethechildren.ca.png,1
logos/engieresources.com.png,1
logos/nordicpharma.de.png,93
logos/veolia.be.png,1
logos/kia-moeller-wunstorf.de.png,1
logos/dairyqueenobx.com.png,1
logos/jungheinrich.com.br.png,1
logos/sixty8.ro.png,1
logos/aiesecaustralia.org.png,94
logos/aamcobloomfield.com.png,6
logos/ardex.de.png,1
logos/hertz-tilburg.nl.png,95
logos/vbh.de.png,96
logos/veolia.ca.png,1
logos/intersport.hu.png,1
logos/julis-bayern.de.png,1
logos/spitex-wasseramt.ch.png,19
logos/hyundaigatineau.ca.png,1
logos/aamcoutah.com.png,1
logos/pkf.com.cy.png,1
logos/renaultcoatzacoalcos.com.mx.png,1
logos/cdvi.ch.png,1
logos/mazda-rzeszow-czach.pl.png,1
logos/seqens.fi.png,0
logos/nissanofgardencity.com.png,97
logos/murrelektronik.fi.png,56
logos/faacentrancesolutions.be.png,98
logos/honda-mulhouse.com.png,1
logos/bioderma.it.png,1
logos/culliganofofallon.com.png,12
logos/intersport.fi.png,1
logos/kia-moeller-wunstorf.de.jpg,1
logos/globalconnect.dk.png,99
logos/storisell.com.png,71
logos/aamcosantaclaritaca.com.png,6
logos/aeccglobal.sg.png,1
logos/murrelektronik.hu.png,56
logos/greatplacetowork.at.png,36
logos/fmlogistic.com.br.png,1
logos/airbnb.com.vn.png,17
logos/lamborghini-stuttgart.com.png,1
logos/edenred.cl.png,1
logos/trisa.bg.png,84
logos/mitsubishielectric-printing.com.png,1
logos/despec.eu.png,1
logos/manpowergroup.com.sg.png,1
logos/wingarc.com.au.png,1
logos/subarumidlandodessa.com.png,1
logos/fleishmanhillard.co.id.png,1
logos/komoder.com.png,1
logos/victorsport.com.tw.png,100
logos/hertz-autopujcovna.cz.png,1
logos/culliganjanesville.com.png,39
logos/bees-sport.nl.png,101
logos/servier.pl.png,1
logos/santanderconsumer.fi.png,10
logos/kiaofpa.com.png,74
logos/mazda-autohaus-lotspeich-muenchen.de.png,1
logos/intersport-arvieux.com.png,1
logos/zkteco.me.png,102
logos/toyotamacau.com.png,103
logos/orange.sk.png,75
logos/culliganofpeoria.com.png,39
logos/mazda.si.png,1
logos/culligansouthwest.com.png,18
logos/johnsmedley.jp.png,0
logos/aamcoroslindalema.com.png,6
logos/pkflesotho.com.png,1
logos/zalando.dk.png,1
logos/servier.gr.png,1
logos/savethechildren.mn.png,1
logos/nobleprog.com.ng.png,1
logos/veolia.am.png,1
logos/mitsubishi-motors.at.png,1
logos/yvesrocher.com.tr.png,104
logos/mazda.es.png,1
logos/repsol.us.png,1
logos/pirtek.at.png,105
logos/shimadzu-rika.co.jp.png,1
logos/vbh.hu.png,51
logos/freseniuskidneycare.com.png,1
logos/servier.ge.png,1
logos/tupperware.gr.png,1
logos/toyota-bornholm.dk.png,1
logos/mitsubishielectric.in.png,1
logos/habitat.hu.png,50
logos/mazda-warszawa-nivette.pl.png,0
logos/jungheinrich.com.my.png,1
logos/job-impulse.mx.png,10
logos/medef-somme.fr.png,37
logos/bakertilly.ma.png,1
logos/airbnb.com.bo.png,17
logos/pirtek.nl.png,0
logos/subarumidlandodessa.com.jpg,1
logos/duracell.com.tr.png,1
logos/miniso-home.ro.png,1
logos/kiaofmurfreesboro.com.png,106
logos/aamco-corpuschristi.com.png,0
logos/amway.ca.png,0
logos/ajaxtocco.de.png,1
logos/ebayglobalshipping.com.png,107
logos/zkteco.com.pk.png,1
logos/adeccogroupfoundationus.org.png,1
logos/carlsjr.es.png,1
logos/pussyspace.net.png,108
logos/actemium.us.png,109
logos/daikin-ksa.com.png,1
logos/myron.ca.png,1
logos/jysk.mk.png,84
logos/spie-osmo.de.png,0
logos/culliganofwestbranch.com.png,12
logos/veoliawatertechnologies.pl.png,1
logos/menicon.fr.png,1
logos/atalian.be.png,1
logos/yves-rocher.ch.png,110
logos/titancontainers.us.png,1
logos/habitativ.org.png,84
logos/forpsi.pl.png,63
logos/sitech-ohio.com.png,1
logos/adra.nl.png,1
logos/intertongn.es.png,111
logos/statkraft.fr.png,1
logos/kia-brass-frankfurt.de.png,1
logos/papasaveriospizzeria.com.png,112
logos/siebtechnik-tema.nl.png,79
logos/pussyspace.net.jpg,108
logos/xtransfer.cn.png,75
logos/truckcityford.com.png,1
logos/rsmpoland.pl.png,1
logos/isover.at.png,1
logos/culliganmidmichigan.com.png,39
logos/holidayland-sanktwendel.de.png,63
logos/salvationarmyeet.org.png,71
logos/aamcoscottsdaleairpark.com.png,3
logos/renaultrycauto.es.png,113
logos/veolianorthamerica.com.png,1
logos/culliganalbionhillsdale.com.png,12
logos/toyotasud.ro.png,1
logos/toyotafocsani.ro.png,0
logos/bonprix.co.uk.png,1
logos/orient-food.sk.png,1
logos/ophitusa.com.png,1
logos/culliganiowa.com.png,39
logos/isuzuhanoi.com.png,1
logos/cdlvideira.com.br.png,114
logos/inductotherm.com.tr.png,1
logos/pilotpen.hu.png,115
logos/vitalimages.com.png,1
logos/metlife.com.au.png,1
logos/gs1bg.org.png,1
logos/worldoptionsgh.com.au.png,1
logos/humanasecondhand.se.png,1
logos/bbraun.co.th.png,1
logos/aamcowsa.com.png,0
logos/rotary6450.org.png,48
logos/actemium.ch.png,1
logos/ibc-solar.pl.png,1
logos/tevamexico.com.mx.png,1
logos/aamcomiami-birdroad.com.png,3
logos/nextbikeczech.com.png,1
logos/lindt.co.za.png,1
logos/cyclecarriage.com.png,0
logos/einhell.fi.png,10
logos/bbraun.com.tw.png,1
logos/monster.at.png,116
logos/nikonmetro1stg.wpengine.com.png,117
logos/mazda-autohaus-voigtlaender-meyer-hamburg.de.png,1
logos/avis.com.ph.png,71
logos/toyota-buchreiter-eisenstadt.at.png,1
logos/kia-sauter-albstadt.de.png,1
logos/baywa-re.es.png,1
logos/europa-union-kassel.de.png,90
logos/isover.com.ar.png,1
logos/pepsico.fr.png,1
logos/wuerth.com.ph.png,1
logos/linak.kr.png,1
logos/demeter-im-westen.de.png,118
logos/immanuelalbertinen.de.png,1
logos/msd-animal-health.co.nz.png,119
logos/veolia.com.gh.png,1
logos/mazda.hu.png,1
logos/airbnb.com.au.png,120
logos/bosch-wohnungsgesellschaft.de.png,0
logos/scte-prod.herokuapp.com.png,121
logos/zkteco.vn.png,1
logos/aamcovancouver99.com.png,3
logos/kia-ebner-baienfurt.de.jpg,1
logos/ymca-cnw.org.png,122
logos/kia-ahs-roehrnbach.de.png,1
logos/nordicpharma.es.png,1
logos/babgencel.de.png,1
logos/savethechildren.mx.png,1
logos/spitexampuls.ch.png,19
logos/synlab.com.tr.png,1
logos/unglobalcompact.ca.png,1
logos/mersen.com.tr.png,1
logos/renault-fama.be.png,1
logos/mazda.fi.png,0
logos/carlsjrmerida.com.png,123
logos/secom.vn.png,1
logos/dhirajsonsonline.com.png,124
logos/mazda-autohaus-schmidt-grossenhain.de.png,1
logos/toyota-evreux.fr.png,0
logos/nestle.dk.png,1
logos/thelocal.at.png,1
logos/toyotamezcar.com.tr.png,1
logos/stocanada.com.png,104
logos/misterwhat.com.br.png,1
logos/pefc.org.png,1
logos/culligancentralindiana.com.png,39
logos/repsolresourcesuk.com.png,1
logos/cvjm-pfalz.de.png,125
logos/alosindustrials.com.png,1
logos/vkf-renzel.com.tr.png,1
logos/intersport.it.png,1
logos/vendhq.com.png,1
logos/kia-ebner-baienfurt.de.png,1
logos/solatube.co.uk.png,1
logos/greatplacetowork.cn.png,10
logos/murrelektronik.it.png,56
logos/lghealthjobs.org.png,1
logos/repsol.no.png,1
logos/aamcoreadingpa.com.png,3
logos/nutricia.nl.png,55
logos/demeter-bw.de.png,118
logos/aamcorockvillemd.com.png,3
logos/modshair-koeln-lindenthal.de.png,42
logos/linde-amt.com.png,1
logos/furuno.fr.png,1
logos/adecco.cl.png,10
logos/nestle.com.pe.png,1
logos/linde-gaz.pl.png,2
logos/aamcospokanevalleywa.com.png,3
logos/culliganofidaho.com.png,39
logos/dulux.com.my.png,0
logos/bbraun.dk.png,1
logos/tapflo.nl.png,1
logos/greatplacetowork.cl.png,36
logos/cfmotoqueretaro.com.png,1
logos/msd-animal-health.com.au.png,119
logos/linde.pe.png,2
logos/pefc.fi.png,1
logos/aamco-bellevue.com.png,6
logos/intersport.hr.png,1
logos/entergy-arkansas.com.png,1
logos/nobleprog.ae.png,1
logos/vbh.ro.png,51
logos/synlab.com.cy.png,1
logos/besins-healthcare.nl.png,126
logos/budget-egypt.com.png,1
logos/nestle.pl.png,1
logos/medef41.fr.png,9
logos/nelsonlabsbozeman.com.png,0
logos/aamcorochesterny.com.png,6
logos/lindt.com.au.png,1
logos/subwaypacific.com.png,127
logos/spitex-region-stockhorn.ch.png,19
logos/chicco.ch.png,9
logos/tapflo.at.png,1
logos/mondialparebrise.re.png,128
logos/toyotaakkoyunlu.com.tr.png,1
logos/aamcostuartfl.com.png,3
logos/savethechildren.org.za.png,1
logos/bakertilly.ci.png,1
logos/daikinkuwait.com.png,1
logos/bioderma.co.za.png,1
logos/propertyfinder.com.png,129
logos/altenusa.com.png,118
logos/dulux.ie.png,1
logos/amnesty.lu.png,130
logos/bakertilly.mu.png,1
logos/hawaiifamilydentalcareers.com.png,1
logos/seitenbachershop.com.png,0
logos/ymcalouisville.org.png,1
logos/decathlon.com.tr.png,27
logos/lidl.ee.png,131
logos/worldvision.org.sv.png,52
logos/ebay.pl.png,1
logos/allianz.com.gr.png,1
logos/duracell.fr.png,1
logos/astrazeneca.no.png,1
logos/aiesec.gr.png,94
logos/linde-medica.es.png,2
logos/daikineastafrica.com.png,132
logos/pearsonclinical.ca.png,1
logos/sitech.fi.png,1
logos/araihelmet.com.png,0
logos/culliganwaterbillings.com.png,32
logos/lidl.com.cy.png,133
logos/yves-rocher.nl.png,1
logos/scoutaerialafrica.com.png,134
logos/hyundaichullora.com.au.png,1
logos/toolstationjobs.be.png,2
logos/kumon.com.uy.png,1
logos/inductotherm.com.cn.png,49
logos/albatroslogistic.ma.png,1
logos/aamcooklahomacity-edmond.com.png,3
logos/carglass.lt.png,1
logos/hollandandbarrett.com.mt.png,135
logos/toyota.bo.png,1
logos/aamcohamptonva.com.png,3
logos/unicharm.com.br.png,1
logos/hofmann-personal.cz.png,1
logos/mazdaofpoughkeepsie.com.png,1
logos/mazda-autohaus-dohm-horn-bad-meinberg.de.png,1
logos/modshair-stuttgart.de.png,1
logos/ford.te.ua.png,64
logos/yves-rocher.at.png,136
logos/carlsjr.co.nz.png,137
logos/vkf-renzel.nl.png,1
logos/mazda-autohaus-albers-doerpen.de.png,1
logos/tenneco.co.jp.png,138
logos/mazda-autohaus-lackmann-sendenhorst.de.png,1
logos/cdltresrios.com.br.png,139
logos/decathlon.ch.png,27
logos/menicon.sg.png,140
logos/mtn.co.sz.png,43
logos/avis.com.do.png,1
logos/aamcopompanobeach.com.png,3
logos/chicco.com.tr.png,9
logos/adra.org.au.png,141
logos/eru.com.ua.png,1
logos/spitex-oberfreiamt.ch.png,19
logos/alcirclebiz.com.png,1
logos/chicco.com.ua.png,1
logos/renaultvercammen.be.png,1
logos/vamdodoma.ru.png,142
logos/vans.at.png,1
logos/mazda-autohaus-lohmann-kreuztal.de.png,1
logos/bakertillysek.se.png,1
logos/lindesaude.pt.png,2
logos/aamconorthtampa.com.png,6
logos/greatplacetowork.com.sg.png,10
logos/aamcoflagstaff.com.png,3
logos/rotary-club-paris-se.org.png,143
logos/bbraun.co.za.png,1
logos/starkeypro.de.png,1
logos/pepsico.ru.png,1
logos/adlatus-nordwestschweiz.ch.png,144
logos/vans.nl.png,1
logos/tbwa.it.png,143
logos/aamcobaltimore-pulaskihwy.com.png,3
logos/aon.hu.png,5
logos/airbnb.am.png,17
logos/honda-rouen.com.png,1
logos/ajas.cz.png,145
logos/pragroup.pl.png,41
logos/actemium.nl.png,1
logos/bakertilly.site.png,1
logos/vivaconagua.org.za.png,1
logos/gs1sk.org.png,1
logos/linak.pl.png,1
logos/titancontainers.at.png,1
logos/kiacowansville.com.png,1
logos/giacomini.cz.png,10
logos/msig-asia.com.png,1
logos/daikin.ch.png,1
logos/peach.immo.png,146
logos/manpowergroup.ca.png,126
logos/actemium.at.png,1
logos/kia-settele-neu-ulm.de.png,1
logos/schaumann.cz.png,1
logos/nidek.com.png,1
logos/lvs-oxford.org.uk.png,147
logos/pilotpen.ro.png,31
logos/meggle-cheese.com.png,0
logos/reedglobal.com.mt.png,1
logos/gs1hr.org.png,1
logos/isic.bg.png,148
logos/spitex-hoefe.ch.png,1
logos/aamcosantacruzca.com.png,3
logos/aamcodallastx.com.png,6
logos/aamcomorenovalley.com.png,3
logos/toyotahonduras.com.png,149
logos/mazda.com.tw.png,1
logos/cuponesybeneficios.com.co.png,150
logos/mazda-autohaus-weiss-niedernhausen.de.png,1
logos/advocarenewbornnetwork.com.png,151
logos/gulfoilltd.com.png,1
logos/carglass.cz.png,1
logos/kia-settele-neu-ulm.de.jpg,1
logos/grantthornton.com.sv.png,1
logos/kia-diamant-wiesbaden.de.png,1
logos/aamcoglendalearrowhead.com.png,1
logos/hondasevilla.net.png,10
logos/aamcoeastpointga.com.png,3
logos/stampinup.uk.png,1
logos/katyawilliamsbridal.com.png,1
logos/honda-montpellier.com.png,1
logos/wolterskluwer.com.my.png,1
logos/mateco.mx.png,1
logos/pkfmalta.com.png,1
logos/bestdrive.se.png,1
logos/elizabetharden.tw.png,1
logos/inductothermgroup.jp.png,1
logos/aamcophoenixville.com.png,6
logos/compo-group.com.png,152
logos/nissanofopelousas.com.png,1
logos/worldvision.ca.png,153
logos/cvjm-hemer.de.png,154
logos/furuno.co.uk.png,1
logos/aamcobakersfield-unionave.com.png,3
logos/toyota-niederberger.at.png,0
logos/engie.cl.png,1
logos/bakertilly.no.png,1
logos/bakertilly.mt.png,1
logos/mazda-autohaus-huck-buehl.de.png,1
logos/ptsv-hof-minigolf.de.png,155
logos/lindt.se.png,1
logos/trulynolenpiaui.com.br.png,156
logos/aamcoaloha.com.png,3
logos/mazdadesherbrooke.com.png,1
logos/engie-refrigeration.de.png,1
logos/aamcosanbernardinoca.com.png,6
logos/fleishmanhillard.ie.png,1
logos/thelocal.ch.png,157
logos/anderson-negele-gmbh.ru.png,115
logos/aamconorthwestfwy-houston.com.png,6
logos/spitex-aarenord.ch.png,1
logos/zalando.pl.png,1
logos/greatplacetowork.lu.png,36
logos/sitechnw.com.png,1
logos/tapflo.by.png,1
logos/pefc.es.png,1
logos/aliaxis.cz.png,1
logos/airbnb.com.tw.png,17
logos/carlsjr-russia.ru.png,158
logos/thelocal.no.png,159
logos/tracybookshop.com.png,1
logos/allianz-sebastiankoch.de.png,1
logos/lindt.jp.png,1
logos/honda-villebon.com.png,1
logos/cleijsenautoschadegoirle.nl.png,160
logos/hps-guns.de.jpg,1
logos/einhell.com.gr.png,10
logos/culliganwooster.com.png,39
logos/mazda-autohaus-buelo-naumburg.de.png,1
logos/aamcoraleigh-capitalblvd.com.png,6
logos/aamcofeastervillepa.com.png,3
logos/toysrus.com.my.png,161
logos/affidea.ro.png,162
logos/aamcotracyca.com.png,1
logos/mazdaofchicagoland.com.png,0
logos/sto.com.tr.png,1
logos/infiniti-azerbaijan.com.png,0
logos/invisalign.it.png,1
logos/thelocal.dk.png,163
logos/innolytics.net.png,1
logos/norauto.com.png,0
logos/aamcospringfield.com.png,6
logos/worldvision.org.nz.png,52
logos/kia-kurt-recklinghausen.de.png,1
logos/aamcoeuless.com.png,3
logos/apexdynamicsgermany.de.png,1
logos/deheus.pt.png,1
logos/budget.co.ao.png,1
logos/culliganwi.com.png,12
logos/jungheinrich.co.za.png,1
logos/carlsjr.com.mx.png,123
logos/cdvi.fr.png,1
logos/bauder.be.png,164
logos/takeda.nl.png,10
logos/eresrelocation.es.png,1
logos/daikinegypt.com.png,1
logos/overheaddoorkalamazoo.com.png,1
logos/acuraofpeabody.com.png,1
logos/casaaurorasupermercados.com.br.png,1
logos/soneparfrance.fr.png,1
logos/bakertilly.dk.png,1
logos/culliganillinoisvalley.com.png,39
logos/nestle.at.png,1
logos/paybase.netlify.app.png,1
logos/honda-saint-maur.com.png,1
logos/shimadzu.in.png,71
logos/savethechildren.it.png,1
logos/axa.ma.png,11
logos/kia-brueggemann-brandenburg.de.png,1
logos/hps-guns.de.png,1
logos/spitex-kriens.ch.png,165
logos/mtn.zm.png,43
logos/zalando.co.uk.png,1
logos/aamco-duluthga.com.png,6
logos/airbnb.co.in.png,120
logos/toyotaboranlar.com.tr.png,0
logos/starkey.com.co.png,1
logos/nestle.com.bd.png,1
logos/kia-asc.ru.png,1
logos/mazda-autohaus-schreier-biebergemuend-bieber.de.png,1
logos/exertisztorm.com.png,71
logos/duluxarabia.com.png,0
logos/spitex-gersau.ch.png,19
logos/starkeypro.com.png,1
logos/extremeadventureraces.com.png,1
logos/piccinifuels.it.png,70
logos/brother.com.mx.png,76
logos/wurth.kz.png,166
logos/honda-lorient.com.png,1
logos/ccusa.nl.png,1
logos/mersen.it.png,1
logos/takedaoncology.com.png,10
logos/intersport-grandbornand.com.png,1
logos/julis-stuttgart.de.png,20
logos/toyotadolak.cz.png,1
logos/takeda.com.ru.png,1
logos/plameco-rheinsieg.de.png,167
logos/allianz.ie.png,1
logos/aamcolubbock.com.png,3
logos/nikonimgsupport.com.png,168
logos/edf-re.com.au.png,1
logos/stanleyelectricus.com.png,1
logos/zkteco-ao.com.png,169
logos/toyotasandikci.com.tr.png,1
logos/toyotasanpablo.com.ph.png,1
logos/duracleanservicebybob.com.png,1
logos/mcdonalds.co.za.png,42
logos/lightspeedhq.mx.png,5
logos/greatplacetowork.com.tr.png,10
logos/gs1lt.org.png,1
logos/avisng.com.png,170
logos/funiber.ma.png,1
logos/infiniti.com.tw.png,1
logos/flesan.com.pe.png,1
logos/gs1mt.org.png,1
logos/pkfcemac.com.png,1
logos/wurth.sk.png,1
logos/ymca-ywca.org.png,1
logos/engie.com.au.png,1
logos/keika-c.ed.jp.png,171
logos/pepsico.ua.png,1
logos/kiaprimavera.com.png,46
logos/thelab.id.png,1
logos/nestle-mena.com.png,1
logos/bnpparibasdeveloppement.com.png,1
logos/pkf.pt.png,1
logos/hsusports.com.png,1
logos/sothebysrealty.ae.png,98
logos/tupperwarefiesta.com.png,172
logos/svnahia.com.png,1
logos/toyotacommonwealth.com.png,1
logos/kiaofgrandblanc.com.png,46
logos/pamarco.co.uk.png,1
logos/hyundaitgv.ro.png,1
logos/howdengroupholdings.com.png,1
logos/trinkgutlippstadt.de.png,140
logos/deprag.cz.png,1
logos/mazda-autohaus-hoeffner-clausen.de.png,1
logos/fft-ps.pl.png,1
logos/adra.org.rs.png,141
logos/fimacf.africa.png,173
logos/linexaus.com.au.png,1
logos/allianz.is.png,1
logos/toyotaalbay.com.ph.png,1
logos/drekopf-kanalservice.de.png,1
logos/orbico.com.mk.png,1
logos/internationalsos.co.jp.png,1
logos/culliganregina.com.png,39
logos/teztour.lt.png,174
logos/stoitalia.it.png,1
logos/pragroup.at.png,41
logos/culliganporthuron.com.png,12
logos/digi-intl.co.jp.png,175
logos/atalian.hu.png,1
logos/aamcobearde.com.png,6
logos/holidayland-pohlheim.de.png,63
logos/toyota-corbeil.fr.png,1
logos/nissantireadvantage.com.png,1
logos/worldvision.com.au.png,176
logos/cdlniteroi.com.br.png,177
logos/kumon.com.pe.png,1
logos/greatplacetowork.com.ar.png,10
logos/linak.nl.png,1
logos/holidayland-friedrichshafen.de.png,63
logos/plastoplan.si.png,115
logos/aamco-taylorsvilleut.com.png,6
logos/tbwa.com.hk.png,43
logos/experianacademy.com.png,178
logos/salvationarmy.org.my.png,1
logos/stawag-energie.de.png,1
logos/veolia.co.za.png,1
logos/mapfre.com.uy.png,1
logos/titancontainers.co.nz.png,1
logos/spitex-steinmaur-neerach.ch.png,19
logos/zalando.nl.png,1
logos/solatube.si.png,1
logos/brother-slovakia.sk.png,44
logos/anotherbrokeneggfranchise.com.png,126
logos/toyotaderinderekocak.com.tr.png,1
logos/bakertilly.ke.png,1
logos/orange.com.lr.png,52
logos/hollandandbarrett.ae.png,179
logos/kia-etehad-halstenbek.de.png,1
logos/mercyships.org.au.png,0
logos/hyrox.es.png,1
logos/starkeyjp.com.png,1
logos/sto.hr.png,8
logos/nordicpharma.be.png,1
logos/overheaddoorfayetteville.com.png,1
logos/culliganillinois.com.png,12
logos/reallifeconcepts.co.za.png,1
logos/astrazeneca.dk.png,1
logos/vbh.be.png,96
logos/veolia.de.png,1
logos/aiesec.org.rs.png,94
logos/bosch-homecomfort.com.png,180
logos/cdvi.se.png,1
logos/carlsjr.com.my.png,123
logos/overheaddoorbrookfield.com.png,1
logos/bbraun.no.png,1
logos/msd-animal-health.pl.png,119
logos/sephora.ro.png,1
logos/aamcovirginiabeachva.com.png,3
logos/kiaofcoatesville.com.png,0
logos/tbwa-entelia.com.png,43
logos/lww.co.uk.png,181
logos/invisalign.de.png,0
logos/toyotabakircilarfethiye.com.tr.png,1
logos/kalorimeta-singen.de.png,19
logos/aamcoalexandriava.com.png,6
logos/bonprix.jobs.png,1
logos/ardexbuildingproducts.ie.png,1
logos/aamcoelpaso-east.com.png,0
logos/mazda-autohaus-gruendel-doerth.de.png,1
logos/intersport-courchevel1850.com.png,1
logos/benu.ee.png,102
logos/santillana.com.pa.png,1
logos/jll.fi.png,1
logos/amway.co.jp.png,1
logos/fleishmanhillard.com.br.png,182
logos/travelocarbooking.com.png,1
logos/culliganhoriconwatertown.com.png,32
logos/wurth.com.tw.png,1
logos/engie-africa.com.png,1
logos/entergynewsroom.com.png,1
logos/johcm-ukconference.com.png,183
logos/greatplacetowork.fr.png,36
logos/flashbay.com.my.png,1
logos/gjw-sachsen.de.png,86
logos/roca.it.png,1
logos/amnesty.se.png,184
logos/nestle.com.uy.png,1
logos/synlab.cz.png,1
logos/avis-tahiti.com.png,1
logos/narscosmetics.es.png,1
logos/entergy-mississippi.com.png,1
logos/aamcowebstertx.com.png,3
logos/job-impulse.pt.png,10
logos/landish.ca.png,1
logos/applebees.com.gt.png,1
logos/lcvesta.nl.png,1
logos/adeccojapanese.asia.png,10
logos/toyotaaktoy.com.tr.png,1
logos/holidayland-dorfen.de.png,63
logos/modern-heads.com.png,1
logos/chicco.pl.png,9
logos/howdentiger.com.png,185
logos/sherwin-williams.com.ec.png,1
logos/aamcosandiego-missionbay.com.png,3
logos/moog.fr.png,125
logos/kiacoldlake.com.png,1
logos/toyotayoruk.com.tr.png,1
logos/tupperware.nl.png,1
logos/hertz.ro.png,1
logos/ardex.com.tw.png,1
logos/nestle.ch.png,1
logos/eurofins.at.png,1
logos/designmehair.cz.png,1
logos/sephora.es.png,1
logos/ardexamericas.com.png,1
logos/msd-animal-health.dk.png,119
logos/servier.at.png,1
logos/toyota.co.tz.png,1
logos/fleishmanhillard.co.th.png,1
logos/goliathgames.com.png,1
logos/toyotasouthern.com.png,1
logos/airbnb.co.kr.png,17
logos/krautzberger.pl.png,1
logos/mazdaofpottstown.com.png,1
logos/culliganminneapolis.com.png,12
logos/tupperware.at.png,1
logos/mazda-autohaus-wilk-kaczmarek-schwerin.de.png,1
logos/nestle.no.png,1
logos/gjw-hessen.de.png,86
logos/mazda-autohaus-w-k-kamen.de.png,1
logos/myfamily.ca.png,0
logos/spitex-oberthurgau.ch.png,19
logos/fmlogistic.pl.png,1
logos/aamco-newbraunfels.com.png,0
logos/servier.nl.png,1
logos/cfmotoitaly.it.png,1
logos/harigmfg.com.png,1
logos/aamcohialeahfl.com.png,6
logos/flashbay.fr.png,1
logos/greatplacetowork.com.co.png,10
logos/pearsonclinical.es.png,1
logos/mazdaofsouthcharlotte.com.png,1
logos/asendia.es.png,186
logos/holidayland-durmersheim.de.png,63
logos/wordans.it.png,187
logos/aamcocoronaca.com.png,6
logos/wurth.fi.png,1
logos/adra.pl.png,1
logos/mazda-autohaus-schindlbeck-straubing.de.png,1
logos/spitex-waedenswil.ch.png,1
logos/castsoftware.it.png,1
logos/cafelasmargaritas.es.png,1
logos/gulf.no.png,188
logos/pkf-l.com.png,1
logos/avonworldwide.com.png,189
logos/grantthornton.do.png,1
logos/whirlpool.com.sg.png,190
logos/trulynolenrecife.com.br.png,156
logos/salvationarmyconcordca.org.png,1
logos/kia-fugel-dresden.de.png,1
logos/pkf.jo.png,1
logos/decathlon.pl.png,1
logos/wurth.hu.png,1
logos/funiber.us.png,1
logos/schaumann.fr.png,1
logos/fordmediacenter.nl.png,191
logos/titancontainers.dk.png,1
logos/mazda-press.com.png,0
logos/gulf.com.mk.png,1
logos/demeter.it.png,1
logos/brother-industrial.md.png,1
logos/toyotayatumugla.com.tr.png,1
logos/greatplacetowork.com.vn.png,10
logos/chicco.com.ph.png,1
logos/funiber.ci.png,1
logos/toyotaer.com.tr.png,1
logos/acuraofgainesville.com.png,1
logos/mcvitiesindia.com.png,1
logos/kia-guenther-dingelstaedt.de.png,1
logos/rexel.ca.png,1
logos/plameco-baer.de.png,192
logos/aamcoviennava.com.png,3
logos/jungheinrich.in.png,1
logos/rsm.lu.png,1
logos/synlab-notes.com.png,0
logos/avis.nc.png,10
logos/cbrain.com.png,1
logos/mercyships.be.png,0
logos/tupperware.co.kr.png,1
logos/stanbicbank.co.zw.png,1
logos/gulfsverige.com.png,193
logos/avia.hu.png,194
logos/mazda-autohaus-banaszak-wesel.de.png,1
logos/subwayburbank.com.png,195
logos/culliganwatercorrections.com.png,39
logos/eca-serel.de.png,0
logos/deswam.in.png,0
logos/renaultamericas.com.mx.png,1
logos/wurth.pe.png,1
logos/isuzuniaga.com.png,10
logos/rsm.bh.png,1
logos/daikin.ge.png,1
logos/gloriasportsarena.com.tr.png,1
logos/portadoors.com.png,196
logos/aamcobloomingtonil.com.png,6
logos/atalian.sk.png,1
logos/renaultsanzhispano.es.png,1
logos/avis.cr.png,197
logos/culligannc.com.png,39
logos/powerint.cn.png,1
logos/bbraun.com.py.png,1
logos/autosecuritas-ct-seysses.fr.png,1
logos/pkf.co.in.png,1
logos/mazda-autohaus-kopke-bendel-marl.de.png,1
logos/zktecoma.com.png,1
logos/wordans.de.png,55
logos/cvjm-augsburg.de.png,154
logos/culliganmoseslake.com.png,12
logos/einhell.bg.png,198
logos/pragroup.no.png,41
logos/daikin.rs.png,1
logos/shelterstation.com.au.png,1
logos/mazda-autohaus-wuttke-gummersbach.de.png,1
logos/engenmauritius.com.png,100
logos/meyersound.de.png,1
logos/de-heus.nl.png,1
logos/greatplacetowork.com.cy.png,36
logos/drinkculligan.com.png,1
logos/ibc-solar.nl.png,1
logos/aamcosilverspringmd.com.png,3
logos/deswam.in.jpg,0
logos/algeco.pt.png,1
logos/julis-sh.de.png,1
logos/wurth.es.png,1
logos/cgparivarconstruction.com.png,1
logos/vkf-renzel.dk.png,1
logos/sonepar.pt.png,199
logos/solutions30.nl.png,1
logos/aamcoseguin.com.png,6
logos/taylorfarmsdeli.com.png,200
logos/citychain.co.th.png,1
logos/trikonclinicalwaste.co.uk.png,1
logos/wwf.or.th.png,1
logos/medefloire.fr.png,1
logos/skoda-clermontferrand.fr.png,201
logos/zalando.no.png,1
logos/rsmthailand.com.png,1
logos/wurthindustry.ca.png,1
logos/affidea.es.png,1
logos/aamcomurraysouthsaltlakecity.com.png,6
logos/greatplacetowork.se.png,36
logos/crif.cz.png,0
logos/nobleprog.com.eg.png,1
logos/rsmrecruitment.com.png,1
logos/overheaddoormankato.com.png,202
logos/santillana.com.ec.png,1
logos/msmode.es.png,1
logos/infiniti-bahrain.com.png,0
logos/mazda.bg.png,1
logos/spitexkaiseraugst.ch.png,19
logos/isuzu.net.my.png,194
logos/spie.be.png,55
logos/svnvanguardla.com.png,1
logos/zalando.ch.png,1
logos/aamcotwinfalls.com.png,3
logos/wwf.org.nz.png,1
logos/filterteknik.dk.png,1
logos/airbnb.com.hk.png,17
logos/veolia.pt.png,1
logos/modshair-mannheim.de.png,1
logos/murrelektronik.uk.png,56
logos/nutricia.co.uk.png,1
logos/bbraun.nl.png,203
logos/spitexow.ch.png,19
logos/sto-ukraine.com.png,204
logos/263.net.cn.png,0
logos/subaru.es.png,1
logos/kia-plt.ru.png,1
logos/vbh.com.es.png,96
logos/toyotabacau.ro.png,1
logos/lindt.cz.png,1
logos/salvationarmy.org.uk.png,1
logos/compo.pl.png,205
logos/pefc.be.png,1
logos/bosch-pt.com.au.png,1
logos/aamcocolumbus-wbroadst.com.png,6
logos/kiacadca.sk.png,65
logos/synlab.lt.png,1
logos/jungheinrich.co.th.png,1
logos/flashbay.co.nz.png,1
logos/bosch-pt.com.cn.png,1
logos/plameco.nl.png,206
logos/luxaflexproject-scandinavia.com.png,1
logos/aamcoathensga.com.png,6
logos/aireonepeel.ca.png,1
logos/bbraun.co.png,1
logos/aamcoranchocucamonga.com.png,6
logos/skodanews.de.png,207
logos/aamcoeverett.com.png,3
logos/bioderma.com.png,1
logos/astreitalia.it.png,208
logos/aspenpharma.es.png,1
logos/tryg.com.png,1
logos/cdvi.com.png,1
logos/narscosmetics.de.png,1
logos/bcurelaser.co.il.png,1
logos/allianzdarta.ie.png,1
logos/veolia.sk.png,1
logos/zkteco.in.png,1
logos/plameco.at.png,209
logos/pirtek.se.png,1
logos/aleris-pp.dk.png,107
logos/thelocal.fr.png,210
logos/nutriciavoorjou.nl.png,1
logos/ymcaokc.org.png,1
logos/bakertilly.fr.png,1
logos/designpluz.com.png,0
logos/secureparkingusa.com.png,1
logos/mtn.ci.png,43
logos/sto.hu.png,8
logos/aamcofremontca.com.png,3
logos/kiamotors.com.co.png,10
logos/pragroup.com.au.png,41
logos/shopee.co.id.png,1
logos/mazda-autohaus-witthoeft-bad-oldesloe.de.png,1
logos/mazda-autohaus-ruettiger-wallduern.de.png,1
logos/suttontools.co.nz.png,211
logos/honda-chateauroux.com.png,1
logos/honda-pirola.com.png,1
logos/pigtailsandcrewcutsfranchise.com.png,1
logos/faesfarma.com.co.png,1
logos/mazda-autohaus-heider-dresden.de.png,1
logos/bimedacanada.com.png,1
logos/mazda-autohaus-ubben-aurich.de.png,1
logos/culliganwt.com.png,212
logos/cinnabon.pk.png,1
logos/santander.de.png,1
logos/bosch-homecomfortgroup.com.png,180
logos/axa.ad.png,1
logos/spitexniesen.ch.png,19
logos/brother-industrial.com.png,76
logos/sto.fi.png,1
logos/electrolux.com.mx.png,1
logos/duraclean.us.png,213
logos/aamcometuchen.com.png,3
logos/mazda-autohaus-stoelzel-doehlau.de.png,1
logos/servier.lv.png,187
logos/bakertilly.com.jm.png,1
logos/saint-gobain-glass.es.png,214
logos/mapfre.com.ve.png,1
logos/veolia.ie.png,1
logos/wurth.co.nz.png,1
logos/mazda-bielskobiala-autogazda.pl.png,0
logos/medef-cher.fr.png,37
logos/overheaddoorofterrehaute.com.png,1
logos/mazda-autohaus-abs-erlangen.de.png,1
logos/pkfsingapore.com.png,1
logos/allianz.com.ar.png,1
logos/esseskincare.fi.png,1
logos/rjelinek.cl.png,215
logos/algeco.ro.png,1
logos/mitsubishi-motors.com.kw.png,18
logos/algeco.sk.png,216
logos/inductotherm.co.kr.png,49
logos/isover.se.png,1
logos/medef-bearnetsoule.com.png,1
logos/greatplacetowork.com.au.png,36
logos/adra.se.png,196
logos/thebodyshop.bg.png,179
logos/asendia.de.png,186
logos/meggle-group.com.png,0
logos/crocssa.co.za.png,1
logos/ymcasteuben.org.png,83
logos/tbwazim.co.zw.png,217
logos/wolterskluwer.dk.png,1
logos/nissanmanufacturing.com.png,1
logos/spitex-meggen.ch.png,19
logos/rotary5960.org.png,218
logos/gulf.lu.png,1
logos/ccusa.cz.png,1
logos/nepaltrust.gov.np.png,1
logos/spitex-rotbachtal.ch.png,19
logos/freeportwestselfstorage.com.png,219
logos/mazda-autohaus-misch-uebach-palenberg.de.png,1
logos/trulynolencampogrande.com.br.png,156
logos/titancontainers.com.tr.png,1
logos/rotary7620.org.png,1
logos/spitex-freiamt.ch.png,19
logos/roca.com.ar.png,1
logos/solatubescotland.co.uk.png,208
logos/habitatvietnam.org.png,50
logos/kia-fischer-cottbus.de.png,1
logos/soventix.cl.png,1
logos/aamcoreynoldsburgoh.com.png,1
logos/aonassurances.com.png,10
logos/europa-union-thueringen.de.png,220
logos/dysartsservicecenter.com.png,1
logos/acuraofwestchester.com.png,1
logos/acurasouthpoint.com.png,1
logos/softland.com.mx.png,221
logos/carglass.re.png,1
logos/aiesecargentina.org.png,94
logos/aamcolancasterca.com.png,6
logos/engie-energia.pe.png,1
logos/renault.no.png,1
logos/spitex-imboden.ch.png,19
logos/mazda-autohaus-schwenke-duisburg.de.png,1
logos/spitexgraenichen.ch.png,19
logos/logicvapes.co.uk.png,1
logos/duracleancarpet.com.png,1
logos/carglass.rs.png,1
logos/adra.fr.png,141
logos/statkraft.nl.png,1
logos/monster.se.png,116
logos/airbnb.hu.png,17
logos/funiber.cm.png,1
logos/aamcofuquayvarinanc.com.png,6
logos/roca.com.tr.png,1
logos/hondabintang.com.png,1
logos/aeccglobal.co.id.png,1
logos/spitex-wyland.ch.png,19
logos/urmet.com.br.png,1
logos/eis.com.tr.png,222
logos/linak.cz.png,223
logos/aamcotopekaks.com.png,6
logos/mazda-autohaus-banaszak-kleve.de.png,1
logos/ecaas.com.png,1
logos/funiber.org.co.png,1
logos/asendia.it.png,186
logos/culligansanantonio.com.png,212
logos/menicon.nl.png,1
logos/renaultmerida.com.mx.png,224
logos/gotchateausa.com.png,225
logos/greatplacetowork.com.bo.png,36
logos/aamcoportsmouthnh.com.png,6
logos/tupperware.com.ar.png,1
logos/misterwhat.pl.png,1
logos/mazda-autohaus-suedring-datteln.de.png,1
logos/carglass.gr.png,1
logos/aiesec.cl.png,94
logos/overheaddoorriverton.com.png,1
logos/diamond.co.id.png,226
logos/premiumproperties.com.png,1
logos/greatplacetowork.pl.png,36
logos/solatubegalicia.com.png,27
logos/sephora.it.png,1
logos/aliaxis.pl.png,1
logos/mazda-autohaus-brutschin-lenzkirch.de.png,1
logos/crif.ch.png,1
logos/sto.es.png,1
logos/nestle.lt.png,1
logos/solatube.pt.png,27
logos/bakertilly.com.kh.png,1
logos/foxinabox.mx.png,61
logos/enterprise.si.png,227
logos/bauwerk-group.hr.png,163
logos/toyotaparmaksizlar.com.tr.png,1
logos/alten-consulting.de.png,1
logos/vkf-renzel.co.uk.png,1
logos/kia-ci.com.png,0
logos/cdljovem.org.br.png,185
logos/gjw-nrw.de.png,86
logos/servier.com.ph.png,1
logos/intersport-rent.fr.png,1
logos/culligankennewick.com.png,39
logos/ambiderm.com.gt.png,1
logos/daikinchemicals.co.th.png,1
logos/vivaconagua.at.png,1
logos/orange.cd.png,75
logos/kia-schunke-aurich.de.png,1
logos/allianzgloballife.com.png,1
logos/bosch-industry-consulting.com.png,1
logos/athora.nl.png,1
logos/bakertilly.se.png,1
logos/chicco.fr.png,64
logos/job-impulse.sk.png,1
logos/allianz-rose.info.png,1
logos/buffalotours.es.png,1
logos/nestle.ua.png,1
logos/shopee.com.co.png,1
logos/servier.vn.png,1
logos/lindt.ch.png,1
logos/honda-reims.com.png,1
logos/kia-schunke-aurich.de.jpg,1
logos/nexicentraleurope.com.png,228
logos/bestwesternbraddock.com.jpeg,1
logos/spitex.sg.png,19
logos/kumon.cl.png,1
logos/greatplacetowork.gr.png,10
logos/k-startupcenter.org.png,1
logos/papajohns.co.nl.png,1
logos/aliaxis.gr.png,1
logos/mitsubishielectric.com.sg.png,1
logos/mazdaofmidland.com.png,1
logos/santillana.com.pr.png,222
logos/ebay.cn.png,229
logos/culliganheartland.com.png,39
logos/boxful.com.tw.png,1
logos/bbraun.cl.png,1
logos/secureparking.co.id.png,220
logos/digilite.com.au.png,1
logos/nikon-mea.com.png,168
logos/kia-lange-gosen.de.png,1
logos/wurth.com.vn.png,1
logos/janegal.sk.png,1
logos/intersport.be.png,1
logos/eurofinsfoodtesting.nl.png,1
logos/monitus.com.png,1
logos/wwf.org.png,1
logos/mazda-autohaus-hohenfeld-dinslaken.de.png,1
logos/linak.com.br.png,1
logos/santander.pt.png,10
logos/bakertilly.pk.png,1
logos/jdimmigration.es.png,1
logos/bbraun.lt.png,1
logos/culliganwatertreatment.com.png,39
logos/indiancancersocietybangalore.org.png,230
logos/sephora.pt.png,1
logos/linde-healthcare.nl.png,2
logos/statkraft.com.pe.png,1
logos/techtel.com.sg.png,231
logos/murrelektronik.be.png,56
logos/vwswestgarth.com.png,1
logos/grupointexa.co.png,232
logos/kia-koenig-teltow.de.png,1
logos/rheine.schule.png,1
logos/fleishmanhillard.mx.png,1
logos/sitechsolutions.com.png,1
logos/bakertilly.sg.png,1
logos/repsol.fr.png,1
logos/medef-44.fr.png,37
logos/mazda-autohaus-kaschmieder-waren.de.png,1
logos/mazda.co.me.png,1
logos/experian.com.my.png,1
logos/tapflo.se.png,1
logos/veolia.fi.png,1
logos/berlitz.com.py.png,1
logos/wuerth-ag.ch.png,1
logos/kia-hoff-trier.de.png,1
logos/roca.ro.png,1
logos/mazda.al.png,1
logos/chicco.ru.png,9
logos/spitex-zimmerberg.ch.png,19
logos/job-impulse.es.png,1
logos/mitsubishielectric.cz.png,1
logos/kia.com.co.png,68
logos/mazda-autohaus-bayer-goessweinstein.de.png,1
logos/servier.cz.png,1
logos/adecco.com.sg.png,10
logos/kia-koenig-teltow.de.jpg,1
logos/crocs.com.ec.png,233
logos/adecco.rs.png,1
logos/deheus.id.png,1
logos/weidner.ca.png,234
logos/howdensafetysolutions.com.png,78
logos/viacon.no.png,235
logos/aamcotulsa-memorial.com.png,3
logos/mazda-autohaus-trumpf-wimmelburg.de.png,1
logos/subaru.com.gt.png,1
logos/repsolsolgas.com.png,236
logos/aamcoeggharbortwp.com.png,3
logos/spie-ics.com.png,1
logos/gs1.at.png,1
logos/kia-lange-gosen.de.jpg,1
logos/fortprousa.com.png,1
logos/amway.de.png,0
logos/besins-healthcare.se.png,1
logos/berlitz-dublin.ie.png,1
logos/carglass.dk.png,237
logos/culliganredwing.com.png,39
logos/minisocr.com.png,10
logos/seasonsrehab.in.png,1
logos/aamcocarync.com.png,3
logos/blackroll.com.pl.png,238
logos/aamcovinelandnj.com.png,6
logos/aamcocentraltampa.com.png,3
logos/aamco-omahanorth.com.png,6
logos/linexofschererville.com.png,33
logos/aamcomesacountryclub.com.png,1
logos/stanbicbank.co.bw.png,1
logos/aeccglobal.com.bd.png,1
logos/mersen.hu.png,1
logos/job-impulse.co.jp.png,129
logos/skodalondon.com.png,1
logos/brother.com.br.png,239
logos/workcircle.com.png,1
logos/avia-belgomine.be.png,1
logos/isic.de.png,1
logos/yves-rocher.se.png,1
logos/kia.co.mz.png,1
logos/avis-taiwan.com.png,170
logos/lindegas.hu.png,0
logos/aamcogolflinks.com.png,1
logos/mateco.ro.png,1
logos/sonepar.hu.png,199
logos/jll.co.kr.png,1
logos/job-impulse.co.jp.jpg,129
logos/inhuntworld.com.png,1
logos/aamconsa.com.png,0
logos/titancontainers.fr.png,1
logos/roca.co.id.png,240
logos/tupperware.com.vn.png,1
logos/demeterschmid.de.png,241
logos/medef-alsace.com.png,37
logos/actemium.com.png,1
logos/whirlpool.com.hk.png,1
logos/pkf.sk.png,1
logos/aamcobridgewater.com.png,3
logos/mazda-krakow-kazokuluzar.pl.png,1
logos/monster.co.uk.png,116
logos/spie-energotest.pl.png,1
logos/aamcohemetca.com.png,3
logos/sourceadvisors.co.uk.png,242
logos/enterpriserentacar.bg.png,243
logos/cinnabonrussia.com.png,1
logos/wurth.pt.png,1
logos/toyotasamlioglu.com.tr.png,1
logos/jll.co.il.png,1
logos/aamcomilwaukieor.com.png,3
logos/subarusouthpoint.com.png,1
logos/budget.bg.png,1
logos/vans.fr.png,1
logos/aamcolawrencevillega.com.png,3
logos/culligansiouxcity.com.png,12
logos/mazda.com.sg.png,1
logos/amway.it.png,0
logos/duracleanrestoration.com.png,1
logos/bosch-pt.co.in.png,1
logos/airbnb.ie.png,17
logos/honda-marseille.com.png,1
logos/actemium.se.png,1
logos/ibc-solar.cz.png,1
logos/wuerth.dk.png,1
logos/daikin.ru.png,1
logos/mazda-autohaus-henseler-schwedt.de.png,1
logos/manpowergroup.pt.png,1
logos/whirlpoolservice.co.uk.png,1
logos/bimedaus.com.png,1
logos/allianz-spm.fr.png,192
logos/einhell.ba.png,10
logos/camesoluciones.com.png,244
logos/hennessyfunds.com.png,220
logos/mcdonalds.com.jo.png,42
logos/honda.cl.png,1
logos/baywa-re.mx.png,1
logos/biothanesolutions.com.png,1
logos/renaultpatriotismo.com.mx.png,1
logos/mtn.com.gh.png,43
logos/aamcooklahomacity-yukon.com.png,3
logos/julis-bremen.de.png,245
logos/venturelightingme.com.png,1
logos/msdinsight.no.png,119
logos/aamcomorristown.com.png,3
logos/spitexkempt.ch.png,19
logos/vkf-renzel.fr.png,1
logos/kia.am.png,46
logos/altriusconsulting.com.png,48
logos/mersen.es.png,1
logos/isic.it.png,148
logos/panpuri.fr.png,1
logos/mazda-autohaus-albstadt-auto-domicil-ebingen.de.png,1
logos/sonepar.pe.png,1
logos/algeco.si.png,1
logos/culliganwaterstillwater.com.png,32
logos/culligandelavan.com.png,32
logos/subway.co.id.png,246
logos/pkf-hk.com.png,1
logos/pkf-fwa.com.png,1
logos/reedglobal.hu.png,1
logos/job-impulse.hu.png,1
logos/spitex-regiowittenbach.ch.png,19
logos/kia.com.ni.png,0
logos/canon-its.co.jp.png,180
logos/mazdaofnewrochelle.com.png,1
logos/pkfgf.co.nz.png,1
logos/siebtechnik-tema.co.uk.png,79
logos/savethechildren.es.png,1
logos/poliform-spb.ru.png,1
logos/kia-gj-remagen-rolandseck.de.png,1
logos/alchemia-nova.net.png,1
logos/aamcolakeworth.com.png,3
logos/seiban.com.png,1
logos/oil-testing.de.png,1
logos/edenred.pl.png,1
logos/veolia.co.uk.png,1
logos/daikintexastechnologypark.com.png,1
logos/nerdsonsite.co.za.png,1
logos/foxinaboxmiami.com.png,1
logos/pkfjnd.com.png,1
logos/kia-schmid-hoehenkirchen.de.png,1
logos/mazda-autohaus-ehrlich-aschaffenburg.de.png,1
logos/kia.com.cy.png,1
logos/veolia.es.png,1
logos/mazda-autohaus-dittrich-genthin-huettermuehle.de.png,1
logos/pacificinfotech.co.uk.png,1
logos/saint-gobain.ar.png,1
logos/renaultsprings.co.za.png,1
logos/bakertilly.gt.png,1
logos/bakertilly.com.pa.png,1
logos/servier.ua.png,187
logos/kumonshuppan.com.png,1
logos/subaru.eu.png,1
logos/misterwhat-au.com.png,1
logos/casperscreensnorcal.com.png,0
logos/synlab.by.png,0
logos/vitalsauna.eu.png,1
logos/kia-engbert-datteln.de.png,1
logos/lindt.at.png,1
logos/bbraun.ae.png,1
logos/mazda-autohaus-elstner-jena.de.png,1
logos/kia-autoprodix.ru.png,1
logos/bbraun.cz.png,247
logos/spitex-grauholz.ch.png,19
logos/algordanza.com.au.png,1
logos/rocatiles.com.png,1
logos/culliganwaterwyoming.com.png,12
logos/pakuacanada.com.png,248
logos/subwayfrance.fr.png,249
logos/affidea.pt.png,162
logos/aeccglobal.vn.png,1
logos/cvjm-muensingen.de.png,33
logos/nestle.com.ve.png,1
logos/nestle.com.tw.png,1
logos/top-system.com.mk.png,1
logos/overheaddoorsrichmond.com.png,1
logos/adecco.de.png,10
logos/intersport.cz.png,1
logos/enterprise.com.ar.png,1
logos/laborelec.com.png,244
logos/engie.pt.png,1
logos/spitex-see-lac.ch.png,1
logos/seiban.com.jpg,1
logos/nikon.co.th.png,250
logos/skoda-metz.fr.png,201
logos/lamannamovingny.com.png,0
logos/wurth.com.uy.png,1
logos/nutricia.ie.png,1
logos/patheon.com.png,251
logos/toyotatoyan.com.tr.png,1
logos/medef-beziers.fr.png,37
logos/gs1ec.org.png,1
logos/bluecardagency.ru.png,1
logos/invisalign.fr.png,0
logos/kia.com.uy.png,0
logos/murrelektronik.cz.png,56
logos/starbucks.co.nz.png,252
logos/plameco-bonn.de.png,1
logos/decathlon.com.kh.png,27
logos/kamic.fi.png,253
logos/aamcoarlington-pantego.com.png,3
logos/dulux.com.sg.png,0
logos/veolia.fr.png,1
logos/jungheinrich.co.nz.png,1
logos/linde-gas.lt.png,2
logos/kantar.com.tw.png,1
logos/kia-mouscron.be.png,1
logos/mediqdirekt.hu.png,254
logos/entergy-louisiana.com.png,1
logos/ecslupsk.pl.png,211
logos/specialistnutrition.us.png,1
logos/coffeesmith.com.sg.png,255
logos/unglobalcompactghana.com.png,0
logos/tupperware.be.png,1
logos/amnesty.eu.png,184
logos/mazdaofbedford.com.png,1
logos/renaultchiapas.com.mx.png,1
logos/aamcoofupland.com.png,3
logos/linexps.com.png,186
logos/hamburg.com.png,1
logos/mazda-autohaus-becker-homburg-bruchhof.de.png,1
logos/kiaofverobeach.com.png,256
logos/veka.bg.png,1
logos/equans.cl.png,1
logos/cdviplastics.com.png,134
logos/linde.bo.png,2
logos/cubcadet.fr.png,43
logos/sitech-ws.com.png,1
logos/saint-gobain.mk.png,1
logos/snapologyfranchising.com.png,1
logos/monster.ie.png,116
logos/airbnb.ru.png,17
logos/rsmcanada.com.png,1
logos/mazdavardi.com.co.png,1
logos/aamcolakeforestca.com.png,6
logos/foxinaboxgraz.at.png,61
logos/pingusenglish.ee.png,1
logos/brother.com.ar.png,76
logos/papajohns.com.pk.png,257
logos/einhell.ch.png,10
logos/crocs.cl.png,14
logos/kilewswest.com.png,258
logos/aamcoeugeneor.com.png,3
logos/vispiron.systems.png,1
logos/thebodyshop.lt.png,69
logos/kia-ds-lampertheim.de.png,1
logos/medef-sarthe.fr.png,37
logos/compassion.es.png,83
logos/equansservices.com.png,1
logos/mercyships.nl.png,0
logos/metlifetakealongdental.com.png,259
logos/vans.es.png,1
logos/linde-electronics.com.png,2
logos/kumon.com.hk.png,260
logos/manpowergroup.dk.png,261
logos/atalian.pl.png,1
logos/modshair-braunschweig.de.png,5
logos/mazda-autohaus-lehmann-senftenberg.de.png,1
logos/kia-ds-lampertheim.de.jpg,1
logos/lamborghinisarasota.com.png,1
logos/atalian.rs.png,1
logos/renaultselection.co.za.png,262
logos/holidayland-wunstorf.de.png,63
logos/saint-gobain-solutions.nl.png,1
logos/mazda-autohaus-rottmann-bottrop.de.png,1
logos/pingusenglish.ps.png,225
logos/savethechildren.or.id.png,1
logos/virtual-reality.school.png,263
logos/intersport-lesrousses.com.png,1
logos/esseskincare.sg.png,1
logos/aamcoypsilantimi.com.png,0
logos/culligancountry.com.png,39
logos/kelloggs.no.png,10
logos/ikea.com.tr.png,1
logos/mazda-autohaus-ahb-gotha.de.png,1
logos/vans.co.nz.png,1
logos/intersport.com.au.png,1
logos/aamcocedarparktx.com.png,3
logos/greatplacetowork.com.ve.png,1
logos/kiaoflumberton.com.png,46
logos/flashbay.pt.png,1
logos/pilotpen.co.th.png,1
logos/culliganricelake.com.png,39
logos/mazdaofcolumbia.com.png,1
logos/actemium.es.png,1
logos/ymcatrivalley.org.png,83
logos/noiseassessments.org.png,1
logos/isover.ie.png,1
logos/rotarygranada.es.png,264
logos/kia-chita.ru.png,1
logos/matutis.de.png,265
logos/cinnabon-ksa.com.png,0
logos/axa-lifeeurope.com.png,11
logos/decathlon.ro.png,27
logos/aamcotulsa-harvard.com.png,3
logos/carglass.hr.png,1
logos/vkf-renzel.hu.png,1
logos/daikin-ce.com.png,1
logos/rockvalleyculligan.com.png,1
logos/culligantucson.com.png,12
logos/mersen.jp.png,1
logos/adra.org.pe.png,266
logos/shimadzu.com.ph.png,197
logos/desjoyaux.co.uk.png,8
logos/adra.sk.png,1
logos/asendia.dk.png,186
logos/isover.sk.png,43
logos/peugeot.sk.png,1
logos/cinnabon-egypt.com.png,267
logos/misterwhat.pt.png,1
logos/bbraun.co.in.png,1
logos/howden.co.il.png,185
logos/trulynolengoias.com.br.png,156
logos/islprgac.org.png,146
logos/engie-ecserwis.pl.png,1
logos/plastoplan.rs.png,1
logos/plastoplan.pl.png,1
logos/aamcoastoria.com.png,3
logos/fmlogistic.sk.png,1
logos/veolia.jp.png,1
logos/hertz.com.cy.png,1
logos/fmlogistic.ro.png,1
logos/pirtek.ie.png,1
logos/dicetek.us.png,1
logos/carlsjr.com.tr.png,1
logos/allthingswater.com.png,39
logos/nikonschool.de.png,168
logos/uxbistart.com.png,19
logos/equans.cz.png,1
logos/greatplacetowork.pt.png,1
logos/aamcofortlauderdale-plantation.com.png,3
logos/affinitynonprofits.com.png,1
logos/culligangrandrapids.com.png,39
logos/repsol.pe.png,1
logos/toyotayatubodrum.com.tr.png,1
logos/santillana.com.hn.png,268
logos/synergie.pt.png,1
logos/equans.lu.png,1
logos/sephora.dk.png,1
logos/msd-animal-health.es.png,1
logos/mazda-autohaus-friedmann-steinfeld.de.png,1
logos/clarksonhyde.it.png,269
logos/nordicpharma.ch.png,1
logos/risogallo.it.png,270
logos/spitexstaefa.ch.png,19
logos/berlitz-bahrain.com.png,1
logos/tectake.it.png,1
logos/mazda.co.za.png,1
logos/pkfve.com.png,1
logos/nestle.bg.png,1
logos/mtn.cg.png,43
logos/menicon.co.uk.png,1
logos/aiesec.org.es.png,94
logos/toyotabeerens.be.png,1
logos/cdvi.de.png,1
logos/culligantulsa.com.png,39
logos/subway.ru.png,271
logos/synlab.com.gh.png,1
logos/culligantotalwater.com.png,39
logos/steelhousegroup.ee.png,1
logos/santanderconsumer.no.png,1
logos/tapflo.hu.png,1
logos/culliganwaterwestbend.com.png,32
logos/mcdonalds.ma.png,272
logos/airbnb.com.ro.png,17
logos/duracleanservices.net.png,1
logos/axa-assistance.pl.png,11
logos/bbraun.ca.png,273
logos/bbraun.be.png,247
logos/medef-nouvelle-aquitaine.fr.png,37
logos/mazda-autohaus-mork-rockenhausen.de.png,1
logos/aamcodelraybeach.com.png,3
logos/renaultmonterrey.com.png,1
logos/toyotayigitvar.com.tr.png,1
logos/renaultpatria.com.mx.png,1
logos/aamcobrooklyn-atlanticave.com.png,3
logos/accelltherapy.com.au.png,1
logos/avia-ramonville.fr.png,1
logos/telehouse.co.th.png,64
logos/bioderma.com.hr.png,1
logos/orange-bissau.com.png,75
logos/bbraun.bg.png,1
logos/avispl.de.png,1
logos/culliganofsouthwestwisconsin.com.png,39
logos/mazdaofalexandria.com.png,1
logos/specialolympics.com.au.png,1
logos/fmlogistic.es.png,1
logos/hydroscand.co.ua.png,94
logos/airbnb.com.pe.png,17
logos/culliganchicago.com.png,39
logos/aamcosignalhill.com.png,3
logos/svnprovidence.com.png,1
logos/jungheinrich.com.sg.png,1
logos/mitsubishi-motors.qa.png,18
logos/nhszketpo.hu.png,274
logos/wurth.co.uk.png,1
logos/gulf-japan.com.png,1
logos/roca.fr.png,1
logos/aliaxis.it.png,1
logos/kiavacaville.com.png,1
logos/mazda-autohaus-tabbouch-speyer.de.png,1
logos/sephora.pl.png,1
logos/kiwiqa.com.au.png,1
logos/wurth.com.mk.png,1
logos/spitex-emmen.ch.png,19
logos/saint-gobain.bg.png,1
logos/spitex-linth.ch.png,1
logos/europcar.me.png,275
logos/landermitsubishi.com.au.png,1
logos/bauder.at.png,276
logos/aamcoreno.com.png,6
logos/mazda-wroclaw-jaremko.pl.png,1
logos/sephora.gr.png,1
logos/notairespirletboinet.be.png,1
logos/esseskincare.co.uk.png,1
logos/miniso.ge.png,277
logos/kia.com.np.png,0
logos/holidayland-reisebuero-stuppert.de.png,63
logos/mazda.nl.png,1
logos/honda-caen.com.png,1
logos/bakertilly.ky.png,1
logos/engie.de.png,1
logos/invisalign.co.uk.png,0
logos/bauder.nl.png,1
logos/linde.ch.png,278
logos/aamcowilliamsportpa.com.png,3
logos/aamcoparkvillemd.com.png,3
logos/airbnb.co.id.png,17
logos/equans.co.png,1
logos/dulux.co.za.png,0
logos/overheaddooraz.com.png,49
logos/daikinmea.com.png,1
logos/komoder.md.png,1
logos/actemium.com.br.png,1
logos/aamcooaklandca.com.png,3
logos/adecco.co.th.png,10
logos/avoncameroun.com.png,279
logos/aamcocantonga.com.png,3
logos/einhell.nl.png,10
logos/countryroadsford.net.png,192
logos/culliganwheaton.com.png,39
logos/aamcomissouricitytx.com.png,3
logos/niproaustralia.com.au.png,1
logos/grantthornton.co.im.png,37
logos/pixibeauty.co.uk.png,280
logos/kiaofduluth.com.png,0
logos/minisoindia.com.png,1
logos/ccusa.ca.png,1
logos/amnesty.org.ng.png,184
logos/greatplacetowork.com.mm.png,10
logos/mazdademagog.com.png,1
logos/shopee.in.png,129
logos/plameco-huizen.nl.png,206
logos/komoder.co.uk.png,0
logos/actemium.sk.png,1
logos/daikin.fi.png,1
logos/cimbbank.com.vn.png,10
logos/trulynolennatal.com.br.png,156
logos/ford.vn.ua.png,64
logos/airbnb.jp.png,17
logos/cazenovecapital.com.png,114
logos/medef-cote-opale.com.png,37
logos/spitexzh.ch.png,19
logos/ebay.com.hk.png,1
logos/spitex-rothenburg.ch.png,1
logos/mercyships.ch.png,0
logos/bakertillyeg.com.png,1
logos/renaultdelsol.com.mx.png,1
logos/kia-strehle-dresden.de.png,1
logos/daikinuae.com.png,1
logos/titancontainers.ie.png,1
logos/wurth.rs.png,1
logos/culliganmarlette.com.png,12
logos/decathlon.hu.png,1
logos/vantagepoint.co.id.png,1
logos/isover.fi.png,43
logos/engiemiddleeast.com.png,1
logos/babble.com.png,80
logos/rotary.hr.png,1
logos/misterwhat.de.png,1
logos/airbnb.fr.png,17
logos/gs1my.org.png,1
logos/vkf-renzel.ro.png,1
logos/dfcapital-investors.com.png,281
logos/toyotaonatca.com.tr.png,1
logos/daikinlebanon.com.png,1
logos/esseskincare.se.png,1
logos/mazda-autohaus-sturne-grimma.de.png,1
logos/aamcoahwatukee.com.png,3
logos/actemium.id.png,1
logos/isover.hu.png,47
logos/manpowergroup.gr.png,1
logos/kia-vogt-finningen.de.png,1
logos/mazda-autohaus-rausch-dresden.de.png,1
logos/asendia.co.uk.png,186
logos/honda-dijon.com.png,1
logos/aamcosouthsarasota.com.png,6
logos/funiber.org.uy.png,1
logos/aamcotigard.com.png,3
logos/daikincareers.com.png,1
logos/nikon.com.hk.png,250
logos/renault-tortosa.es.png,1
logos/crif.com.tr.png,1
logos/thebodyshop.lv.png,69
logos/acurahonolulu.com.png,1
logos/aamcoorange.com.png,3
logos/daikin.si.png,1
logos/nestle.co.nz.png,1
logos/dulux.co.zw.png,0
logos/sitech.ch.png,1
logos/dilmahtea.co.uk.png,282
logos/bbraun.co.kr.png,1
logos/starkey.co.uk.png,1
logos/spitex-wuerenlos.ch.png,19
logos/whisky.de.png,1
logos/meniconamerica.com.png,283
logos/rsmuk.com.png,1
logos/nestle.mk.png,1
logos/wuerth.co.jp.png,1
logos/cdvibenelux.com.png,1
logos/compo.es.png,205
logos/sans-sans.com.my.png,1
logos/affidea.gr.png,1
logos/neposystem.me.png,1
logos/bakertillygh.com.png,1
logos/astrazeneca.hu.png,284
logos/plastoplan.com.png,1
logos/nordicpharma.nl.png,1
logos/desjoyaux.de.png,1
logos/habitatmichigan.org.png,1
logos/nestle.com.bo.png,1
logos/bakertillymapema.se.png,1
logos/bakertilly.es.png,1
logos/ardex.at.png,1
logos/aamcolasvegas.com.png,6
logos/linde-gas.lv.png,2
logos/enterprise.se.png,285
logos/cargoriga.ee.png,286
logos/foxinaboxzutphen.com.png,287
logos/foxinaboxlondon.uk.png,1
logos/linde.co.th.jpg,2
logos/path-solutions.com.png,1
logos/mitsubishi-motors.fi.png,18
logos/aeccglobal.ng.png,1
logos/servier.bg.png,187
logos/axa.be.png,11
logos/zalando.be.png,1
logos/allianz-peev.de.png,1
logos/toyotanorthedsa.com.png,1
logos/medknow.com.png,1
logos/honda-rennes.com.png,1
logos/thelocal.es.png,288
logos/ymcatoledo.org.png,289
logos/aamcomcdonoughga.com.png,6
logos/linde.co.th.png,2
logos/mazda-bcrmotors.ru.png,1
logos/papajohnsquebec.ca.png,194
logos/daikin-korea.co.kr.png,1
logos/kierpensions.co.uk.png,290
logos/dci.co.th.png,254
logos/habitatstl.org.png,1
logos/educab.com.au.png,1
logos/tapflo.kz.png,1
logos/affidea.pl.png,1
logos/solidea.co.za.png,1
logos/atalian.com.tr.png,1
logos/toyota-lyonsud.fr.png,1
logos/inductotherm-group-france.fr.png,49
logos/experianidworks.com.png,1
logos/aireserv.ca.png,1
logos/remax-emblema.com.ar.png,1
logos/affresco-decor.com.png,166
logos/keasyfit.it.png,291
logos/cdlvitoria.com.br.png,0
logos/sans-sans.com.my.jpg,1
logos/fleishmanhillard.cn.png,1
logos/toyotahizel.com.tr.png,1
logos/mtn.ng.png,43
logos/mazda-autohaus-henn-weilamrhein.de.png,1
logos/nestle.com.vn.png,1
logos/subarutijuana.mx.png,98
logos/pefc.cl.png,292
logos/thelocal.it.png,210
logos/toyota-marseille.com.png,1
logos/wurth.co.za.png,1
logos/aamcopomonaca.com.png,3
logos/aliaxis.hu.png,1
logos/kumonla.com.png,225
logos/mazda-autohaus-schindlbeck-schwandorf.de.png,1
logos/intersport.nl.png,1
logos/wurth-int.com.png,1
logos/vetpartners.fr.png,293
logos/intersport-alpedhuez.com.png,0
logos/mitsubishielectricmalaysia.com.png,1
logos/kia-bender-coburg.de.jpg,1
logos/nobleprog.es.png,294
logos/cfmotoindia.com.png,1
logos/deheus.rs.png,1
logos/orbico-kenoanyagok.hu.png,1
logos/aamcofortworth.com.png,3
logos/toysrus.com.bn.png,295
logos/tapflo.co.za.png,1
logos/deheus.pl.png,1
logos/murrelektronik.at.png,56
logos/kia-bender-coburg.de.png,1
logos/kapanfastigheter.se.png,296
logos/spitex-region-kreuzlingen.ch.png,1
logos/aeccglobal.lk.png,297
logos/pirtek.de.png,105
logos/lidl.lt.png,104
logos/vbhtrgovina.si.png,51
logos/culliganfresnolindsay.com.png,39
logos/mazda-sosnowiec-mirai.pl.png,1
logos/greatplacetowork.co.kr.png,10
logos/pingusenglish.com.cy.png,1
logos/secureparkinghi.com.png,1
logos/pkfcr.co.nz.png,1
logos/aamcoindependencemo.com.png,3
logos/brother.co.il.png,76
logos/bakertilly.it.png,1
logos/shercomotorcycles.it.png,298
logos/moorestoke.co.uk.png,20
logos/greatplacetowork.co.ke.png,10
logos/hondatygerberg.co.za.png,10
logos/cfmoto-larissa.gr.png,0
logos/toyota-s.co.il.png,1
logos/gs1tn.org.png,1
logos/mazda.lv.png,0
logos/grantthornton.com.ve.png,37
logos/metlife.co.kr.png,1
logos/aamcoroundrocktx.com.png,3
logos/mazda-autohaus-born-ludwigslust.de.png,1
logos/trijit.uk.png,1
logos/rutscherlebnis.at.png,1
logos/carglass.ee.png,299
logos/flashbay.fi.png,1
logos/venaenergy.co.jp.png,1
logos/takab.nu.png,1
logos/mazda-angola-autozuid.com.png,1
logos/toyota.com.kh.png,1
logos/aamcopatchogue.com.png,3
logos/esseskincare.hk.png,1
logos/carglass.hu.png,1
logos/culliganwatercolorado.com.png,12
logos/flashbay.hu.png,1
logos/gulfcombustibles.com.png,1
logos/stockco.co.nz.png,1
logos/spitexlauchetal.ch.png,19
logos/moog.co.uk.png,125
logos/moore-czech.cz.png,1
logos/allianz-kuhlemann.de.png,1
logos/daikin.com.mx.png,1
logos/europa-union-sachsen.de.png,1
logos/jll.com.lk.png,300
logos/habitatcoosavalley.org.png,1
logos/yves-rocher.pt.png,54
logos/pkffinconta.ro.png,1
logos/axabreakdown.co.uk.png,180
logos/durableonline.com.sg.png,1
logos/pingusenglish.co.id.png,63
logos/gs1hu.org.png,1
logos/greatplacetowork.com.uy.png,10
logos/immunospot.eu.png,301
logos/toyotagoktepe.com.tr.png,1
logos/asendia.se.png,186
logos/nordicpharma.co.uk.png,1
logos/aamcophoenixnortheast.com.png,6
logos/spitexlueg.ch.png,1
logos/pilotpen.co.uk.png,83
logos/aamcospringfieldoh.com.png,3
logos/actemium.co.uk.png,1
logos/baywa-re.vn.png,1
logos/isover.de.png,1
logos/thisissowgood.com.png,302
logos/zkteco.com.bd.png,102
logos/gjw-mv.de.png,86
logos/aon.lt.png,1
logos/pearsonschoolsandfecolleges.co.uk.png,20
logos/daikinbahrain.com.png,1
logos/mcdonalds.com.sg.png,1
logos/aamcosouthtampa.com.png,3
logos/stanbicbank.co.zm.png,1
logos/culliganmonroe.com.png,39
logos/carglass.si.png,1
logos/subarusouthblvd.com.png,1
logos/minisouruguay.com.uy.png,1
logos/aamcotransmissionpensacola.com.png,6
logos/wwf.at.png,1
logos/mazda-autohaus-klein-bietigheim-bissingen.de.png,1
logos/icafalinmobiliaria.cl.png,303
logos/aon.co.nz.png,304
logos/cleansui-usa.com.png,1
logos/culliganstlouis.com.png,39
logos/atalian.sg.png,1
logos/culliganofmerrillville.com.png,124
logos/aamcosantarosa.com.png,3
logos/grantthornton.sk.png,1
logos/nutrienagsolutions.ca.png,1
logos/allianz-assistance.ie.png,1
logos/isover.it.png,1
logos/benefitsystems.hr.png,1
logos/culliganmarion.com.png,39
logos/kiaspringfield.co.za.png,0
logos/manpowergroup.se.png,1
logos/pingusenglish.com.png,1
logos/bonprix.nl.png,305
logos/aonsolutions.com.cy.png,306
logos/actemium.pt.png,1
logos/adra.org.pt.png,141
logos/hansa-flex.com.pl.png,1
logos/honda.com.ng.png,1
logos/promat.ch.png,1
logos/aamcochino.com.png,3
logos/mazda-autohaus-kalina-gelsenkirchen.de.png,1
logos/mateco-hungary.hu.png,1
logos/sanlorenzo.com.pe.png,307
logos/renault.com.my.png,1
logos/aamcowarrentonva.com.png,3
logos/crocs.co.id.png,308
logos/flashbay.es.png,1
logos/pearsonclinical.fr.png,1
logos/mazda112.com.png,1
logos/secureparking.com.kh.png,309
logos/honda.com.bd.png,1
logos/intersport.com.tr.png,1
logos/daikin-manufacturing.de.png,1
logos/kentmaster.nz.png,1
logos/aamcoconwaysc.com.png,6
logos/decathlonkz.com.png,223
logos/thebodyshop.com.tr.png,310
logos/kia-dresen-neuss.de.png,1
logos/ovb.at.png,0
logos/compo.de.png,95
logos/mitsubishi-motors.it.png,1
logos/spie.lu.png,55
logos/advocarewdp.com.png,151
logos/aiesec.ba.png,94
logos/starkey.com.br.png,1
logos/greatplacetowork.co.il.png,311
logos/fattalhotelgroup.com.png,55
logos/aamcophoenixmaryvale.com.png,3
logos/linde-gas.at.png,2
logos/mazda-autohaus-richter-forst.de.png,1
logos/vbh.lv.png,96
logos/medef31.fr.png,37
logos/lunarclient.com.png,1
logos/lidl.lu.png,131
logos/orange.cm.png,75
logos/nestle.ba.png,1
logos/aamcosantaanaca.com.png,6
logos/amnesty.hu.png,184
logos/aeccglobal.my.png,1
logos/moog.es.png,125
logos/servier.com.pa.png,1
logos/bauder.ag.png,1
logos/aiesec.my.png,94
logos/acetoolonline.com.png,1
logos/mercanta.de.png,1
logos/iba-protontherapy.com.png,312
logos/bakertilly.gi.png,1
logos/gwaliasweets.ca.png,313
logos/linde-gas.nl.png,2
logos/kia-moeller-eisenach.de.jpg,1
logos/narscosmetics.fr.png,1
logos/servier.co.id.png,1
logos/culliganofnashville.com.png,1
logos/adecco.ie.png,10
logos/culligangeneva.com.png,12
logos/kia-moeller-eisenach.de.png,1
logos/colorflexpackaging.com.png,1
logos/processcommunicationmodel.sk.png,1
logos/terradat.co.uk.png,1
logos/nutricia.de.png,1
logos/fmlogistic.it.png,1
logos/yord.pl.png,1
logos/msd-animal-health.pt.png,1
logos/macma.pl.png,1
logos/synergie.es.png,10
logos/skssweden.se.png,1
logos/salvationarmyflorida.org.png,1
logos/bakertilly.sl.png,1
logos/subaru.com.pa.png,1
logos/aamcoseattlewa.com.png,3
logos/implantcenter-dentistry.co.uk.png,1
logos/subaru.jp.png,1
logos/greatplacetowork.es.png,36
logos/aamcolexingtoneast.com.png,6
logos/budgetqatar.com.png,1
logos/statkraft.co.uk.png,1
logos/aamcowarrenmi.com.png,0
logos/synlab.mk.png,1
logos/gjw-nd.de.png,86
logos/savethechildren.org.ph.png,1
logos/hsbcsaudi.com.png,1
logos/edenred.fi.png,1
logos/intersport.ch.png,1
logos/aamcoglendaleca.com.png,3
logos/despat.com.png,314
logos/mazda-autohaus-blank-dinkelsbuehl.de.png,1
logos/kia-kmv.ru.png,1
logos/fleishmanhillard.cz.png,1
logos/murrelektronik.no.png,56
logos/shopee.com.mx.png,1
logos/pamline.fr.png,1
logos/honda-toulouse.com.png,1
logos/avon.com.sa.png,315
logos/aamco-councilbluffs.com.png,6
logos/aamcoaustin-burnetrd.com.png,3
logos/kiatorun.pl.png,1
logos/demetercs.eu.png,316
logos/aamcomarietta-cobbparkway.com.png,3
logos/kia-suedmobile-radolfzell.de.png,1
logos/culligandesmoines.com.png,1
logos/aamcopembroke.com.png,6
logos/linexofjoliet.com.png,317
logos/hyundaiblacktown.com.au.png,1
logos/infiniti.mx.png,0
logos/lindehomecare.fr.png,2
logos/pmsgen.com.png,1
logos/edenred.hu.png,1
logos/mitsubishi-motors.pt.png,318
logos/astrazeneca.pt.png,1
logos/honda-cannes.com.png,1
logos/rubiomonocoat.com.au.png,1
logos/plameco.be.png,206
logos/mapfre.com.ni.png,10
logos/reedglobal.pl.png,55
logos/aontravpro.com.png,1
logos/enterprise.dk.png,285
logos/murrelektronik.ch.png,56
logos/teknoware.ae.png,1
logos/aamcolexingtonwest.com.png,6
logos/pkfcabrera.com.png,1
logos/amnesty.id.png,319
logos/culliganreno.com.png,1
logos/hertz-autopozicovna.sk.png,1
logos/kuraray.us.com.png,320
logos/pauldaviswi.com.png,1
logos/bakertilly.ec.png,1
logos/pirtek.eu.png,321
logos/medef-essonne.org.png,37
logos/amnesty.is.png,184
logos/toyota-montluel.fr.png,1
logos/isuzu.com.png,1
logos/budget-ireland.co.uk.png,322
logos/aamcohuntingtonbeachca.com.png,6
logos/toyotacomauto.com.png,1
logos/budgetinternational.com.png,1
logos/myplumberca.com.png,261
logos/worldvision.org.uk.png,52
logos/msd-animal-health.it.png,1
logos/orange.md.png,75
logos/spitexmuri.ch.png,19
logos/medef71.com.png,37
logos/honda-autoland.com.png,300
logos/canon.cl.png,1
logos/aamcohackettstown.com.png,3
logos/mazda-autohaus-eisele-langenau.de.png,1
logos/meggle.it.png,0
logos/culligandenkerwaterconditioning.com.png,39
logos/toyotaakten.com.tr.png,1
logos/mazdalakeland.com.png,1
logos/nestle-caribbean.com.png,1
logos/naturesrewardcoloredcauliflower.com.png,223
logos/mazda-autohaus-flindt-marschacht.de.png,1
logos/pkf.dk.png,1
logos/esseskincare.dk.png,1
logos/holidayland-roedermark.de.png,63
logos/renault-materom.ro.png,1
logos/boschautopartes.mx.png,0
logos/scholpp.it.png,1
logos/allbranded.de.png,1
logos/newson-gale.co.uk.png,1
logos/spitexsense.ch.png,1
logos/spitextg.ch.png,1
logos/linexofwilliston.com.png,323
logos/einhell.cz.png,10
logos/culliganatlanta.com.png,39
logos/yves-rocher.de.png,324
logos/pkfkerikeri.co.nz.png,1
logos/mazdaoforange.com.png,1
logos/daikinafrica.com.png,1
logos/eurochem-na.com.png,0
logos/aonsolutions.com.tr.png,325
logos/etxt.biz.png,244
logos/synergiejobs.nl.png,10
logos/pingusenglish.ac.th.png,1
logos/aamcosandiego-miramar.com.png,3
logos/rotarypublicschool.org.png,272
logos/astrazeneca.com.hk.png,326
logos/ikea.com.tw.png,257
logos/toyotabucurestinord.ro.png,1
logos/inductotherm.ca.png,49
logos/freseniuskidneycare.cn.png,0
logos/leroymerlin.co.za.png,1
logos/synergiejobs.at.png,1
logos/allianz.sg.png,64
logos/intersport.com.cy.png,327
logos/actemium.it.png,1
logos/trulynolenparaiba.com.br.png,156
logos/hyundaiofchatham.ca.png,328
logos/daikinchemicals.com.png,1
logos/aon.lv.png,1
logos/aamcoroanokeva.com.png,6
logos/airbnb.dk.png,17
logos/vans.it.png,1
logos/pearsonactivelearn.com.png,1
logos/kia-duerkop-hannover.de.jpg,1
logos/allianzim.com.png,1
logos/asendia.sg.png,186
logos/svntrinity.com.png,1
logos/modshair-bielefeld.de.png,5
logos/nikon.com.sg.png,111
logos/nissanattheavenues.com.png,1
logos/subaruqatar.com.png,1
logos/allianzlifechanger.com.png,64
logos/mazda.com.kh.png,1
logos/funiber.ml.png,1
logos/rationalstock.es.png,1
logos/medef-anjou.fr.png,37
logos/mazda-autohaus-engelbart-delmenhorst.de.png,1
logos/toyotakocaelikaya.com.tr.png,1
logos/mazda.com.ec.png,1
logos/ercagroup.com.tr.png,1
logos/daikin.eu.png,1
logos/bioderma-sk.com.png,1
logos/actemium.de.png,1
logos/toyotasonkar.com.tr.png,1
logos/medef-vendee.fr.png,37
logos/modshair-hannover.de.png,42
logos/rotaryclubdelima.org.png,329
logos/aamcoconcordnh.com.png,3
logos/wwf.no.png,1
logos/overheaddoorcompanyjackson.com.png,1
logos/fitness4homesuperstore.com.png,1
logos/spiegse.com.png,330
logos/kesz.rs.png,1
logos/cedstone.ca.png,1
logos/dennert.pl.png,331
logos/mariagefreres.co.jp.png,1
logos/infiniti-abudhabi.com.png,1
logos/mersen.in.png,1
logos/worldvisionmexico.org.mx.png,332
logos/manpower.co.za.png,1
logos/demeter-im-norden.de.png,118
logos/budgetglacier.com.png,333
logos/crocs.ch.png,334
logos/isic.fr.png,172
logos/toyotamici.com.tr.png,1
logos/chauffeurstelefoon.nl.png,335
logos/amway.fr.png,0
logos/ford.if.ua.png,1
logos/rotary-club-strasbourg.org.png,143
logos/rotary-bulgaria.org.png,82
logos/kia-duerkop-hannover.de.png,1
logos/yves-rocher.it.png,1
logos/le-tech.co.uk.png,303
logos/honda-meaux.com.png,1
logos/bonprix.ch.png,1
logos/kokuyo-furniture.com.my.png,1
logos/novonordisk.my.png,1
logos/renaulttlalnepantla.com.mx.png,1
logos/mazdaofamarillo.com.png,1
logos/solatube.se.png,336
logos/nestle.com.ar.png,1
logos/cdlbarreiras.com.br.png,107
logos/mediqdirekt.de.png,1
logos/mazda.lt.png,0
logos/alten.ca.png,1
logos/ymcatriangle.org.png,1
logos/menicon.com.au.png,1
logos/culligannation.com.png,39
logos/julis-muenchen.de.png,337
logos/bauder.lt.png,164
logos/caspak.co.nz.png,1
logos/aamcopasadenatx.com.png,3
logos/pearson.com.hk.png,1
logos/veolia.in.png,1
logos/nobleprog.ro.png,1
logos/vbh.cz.png,96
logos/cyrillus.com.png,1
logos/pkf-central-america.com.png,1
logos/lidl.lv.png,133
logos/nutricia.pt.png,1
logos/linde-gas.no.png,2
logos/saint-gobain.al.png,1
logos/amnesty.ie.png,338
logos/mazda-autohaus-mueller-plauen.de.png,1
logos/lidl-voyages.fr.png,339
logos/meggle.de.png,1
logos/engieindia.com.png,67
logos/mazda-autohaus-behrens-magdeburg-ottersleben.de.png,1
logos/greatplacetowork.is.png,10
logos/titancontainers.co.uk.png,1
logos/bosch-pt.com.my.png,1
logos/modshair-nuernberg.de.png,42
logos/toyotadefence.com.png,1
logos/bmw-motorrad-euromotos-lyon.fr.png,1
logos/bbraun.mx.png,1
logos/mazda.ua.png,1
logos/bakertilly.pt.png,1
logos/toyota-innviertel.at.png,0
logos/veolia.pl.png,1
logos/wwfchina.org.png,1
logos/mcdonalds.md.png,1
logos/pingusenglish.com.tr.png,1
logos/kia-brueggemann-neubrandenburg.de.png,1
logos/fainvestors.com.png,0
logos/tapflo.it.png,1
logos/honda-limoges.com.png,1
logos/shopee.com.my.png,1
logos/mazdacity.com.png,1
logos/wurth-international.com.png,1
logos/santillana.com.sv.png,268
logos/edenred.es.png,1
logos/tbwaalif.com.png,43
logos/engie.sk.png,67
logos/spitexgaiserwald.ch.png,19
logos/toyotanatas.com.tr.png,1
logos/murrelektronik.kr.png,56
logos/renault-argenteuil.fr.png,1
logos/allianzpp.com.png,1
logos/regalsprings.com.mx.png,1
logos/bbraun.ec.png,1
logos/mazdalanka.lk.png,1
logos/cvjm-nuembrecht.de.png,154
logos/honda-lemans.com.png,1
logos/pkfboi.nz.png,1
logos/nestle.com.sg.png,1
logos/goliathgames.de.png,340
logos/experian.com.sg.png,1
logos/captrain.pl.png,1
logos/mazda.ru.png,1
logos/seats2meetstationdenbosch.nl.png,1
logos/isuzu.co.mz.png,10
logos/aamcokansascitysouth.com.jpg,1
logos/hahn-kolb.mx.png,1
logos/benu.lv.png,1
logos/aliaxis-me.com.png,1
logos/servier.pt.png,1
logos/lindt.fi.png,1
logos/mazdanorkar.com.png,1
logos/krofian.de.png,1
logos/trulynolenbarueri.com.br.png,156
logos/veka.com.sg.png,1
logos/bakertilly.com.cy.png,1
logos/bakertilly.ba.png,1
logos/mazda-warszawa-odyssey.pl.png,1
logos/servier.co.za.png,1
logos/jungheinrich.com.au.png,341
logos/wuerth-gruppe.ch.png,1
logos/affidea.lt.png,1
logos/aamcokansascitysouth.com.png,1
logos/aamcobrooklyn-ralphave.com.png,3
logos/synlab.si.png,1
logos/jollibee.com.bn.png,342
logos/vettersculliganwater.com.png,12
logos/veolia.ma.png,5
logos/cdu-aldenhoven.de.png,1
logos/mazda-autohaus-haese-erkrath-hochdahl.de.png,1
logos/worldvision.cl.png,52
logos/eurofins.hr.png,1
logos/santillana.com.bo.png,1
logos/nestle-esar.com.png,1
logos/aamcotempe.com.png,3
logos/amnestyghana.org.png,343
logos/toshiba-water.com.png,194
logos/rexel.se.png,1
logos/aamcoyumaaz.com.png,6
logos/mercyships.se.png,0
logos/franzcollection.com.png,1
logos/wurth.cl.png,1
logos/kia-fischer-muenchberg.de.jpg,1
logos/enterpriserentacar.pl.png,285
logos/kewpie.com.sg.png,1
logos/kia-mueller-genthin.de.png,1
logos/mtn.com.af.png,43
logos/intersport-gros.de.png,344
logos/allianz.lt.png,1
logos/entergy-nuclear.com.png,1
logos/ikea.es.png,1
logos/linexswfl.com.png,143
logos/biolchim.com.br.png,1
logos/spitex-romanshorn.ch.png,19
logos/toyota-handler.at.png,0
logos/muvpropiedades.com.ar.png,1
logos/lamborghini-rotterdam.nl.png,1
logos/budget.rs.png,1
logos/allianz.mg.png,1
logos/bauermedia.no.png,345
logos/medef-artois.fr.png,37
logos/airbnb.no.png,17
logos/aamcobronx.com.png,3
logos/ilmercatoambacht.nl.png,126
logos/ikea.pr.png,1
logos/ekartlogistics.in.png,83
logos/bestdrive.fi.png,284
logos/fosterfarmsfoodservice.com.png,137
logos/daikin.az.png,1
logos/kia-fischer-muenchberg.de.png,1
logos/honda-angouleme.com.png,1
logos/hansa-flex.at.png,1
logos/wurth.ua.png,1
logos/allianzlifebali.com.png,1
logos/statkraft.ie.png,1
logos/svndesertcommercial.com.png,0
logos/aamcotransmissionsknoxville-kingstonpike.com.png,6
logos/funiber.it.png,1
logos/kia-wandscher-oldenburg.de.png,1
logos/billygraham.ca.png,1
logos/cvjm-gomaringen.de.png,1
logos/kumon.com.co.png,346
logos/allianz.ua.png,1
logos/steinbacher.pl.png,1
logos/duracell.co.za.png,1
logos/algeco.at.png,1
logos/ccusa.co.za.png,1
logos/kia-kroppen-herten.de.png,1
logos/bakertillylb.com.png,1
logos/mazda-autohaus-goedde-meschede.de.png,1
logos/demeter.ch.png,347
logos/cdlcuritiba.org.br.png,1
logos/toupret.ch.png,0
logos/stadtwerke-heidenheim-regio.de.png,1
logos/mercyships.fr.png,0
logos/infiniti-jordan.com.png,0
logos/spitex-gaeu.ch.png,19
logos/oilfieldequipments.us.png,1
logos/clearblueionizer.be.png,225
logos/sprachcaffe-muenchen.com.png,348
logos/medef-aura.fr.png,37
logos/culliganlansing.com.png,39
logos/hometowninsurance.us.png,1
logos/pcllawyersfrankston.com.au.png,98
logos/manpowergroup.cz.png,1
logos/skoda-nancy.fr.png,201
logos/esseskincare.no.png,1
logos/daikin.al.png,1
logos/ikea.ee.png,349
logos/grantthornton.bg.png,1
logos/mazda-uae.com.png,1
logos/linak.de.png,1
logos/renault.pe.png,350
logos/bestwesternbraddock.com.png,1
logos/duraclean.net.png,1
logos/allianz.lu.png,1
logos/eurotradus.eu.png,1
logos/aamcopasadenaca.com.png,3
logos/grantthornton.com.pa.png,1
logos/culliganbrighton.com.png,12
logos/dopplerumbrellas.com.au.png,1
logos/flashbay.ca.png,1
logos/pkf.ch.png,1
logos/tbwa.co.za.png,43
logos/kia-auto-center-weiterstadt.de.png,1
logos/wurth.ae.png,1
logos/toyotakar.com.tr.png,1
logos/pragroup.de.png,41
logos/trulynolenalagoas.com.br.png,156
logos/veolia.nl.png,1
logos/pefc.se.png,1
logos/hertz.com.ge.png,43
logos/starbucks.com.sg.png,1
logos/bioderma.sg.png,1
logos/msmode.lu.png,1
logos/bakertilly.lk.png,1
logos/mazda-autohaus-ludwig-halle-neustadt.de.png,1
logos/bbraun.pt.png,247
logos/heydudeshoes.es.png,267
logos/infiniti-dubai.com.png,1
logos/fmc-mexico.com.png,351
logos/aamcoburbank.com.png,3
logos/duracell.es.png,1
logos/savethechildren.nl.png,1
logos/vectorinfotech.my.png,1
logos/aamcocorvallisor.com.png,6
logos/ymcasf.org.png,1
logos/entergy-neworleans.com.png,1
logos/aamcowalnutcreekca.com.png,3
logos/aamcodowneyca.com.png,6
logos/mazdaofconshohocken.com.png,1
logos/azets.ie.png,1
logos/mazda-autohaus-tietje-holmb-wedel.de.png,1
logos/miniso-au.com.png,197
logos/patheon.kr.png,251
logos/rubiomonocoat.com.pl.png,352
logos/mazda-autohaus-grasdanner-holzkirchen.de.png,1
logos/siebtechnik-tema.com.au.png,1
logos/meggle-foodingredients.de.png,1
logos/genan.com.png,353
logos/bosch-climate.com.tr.png,180
logos/lindt.es.png,1
logos/ebay.it.png,1
logos/vedanta-zincinternational.com.png,1
logos/medeforne.fr.png,37
logos/bbraun.hr.png,1
logos/julis-nuernberg.de.png,354
logos/decathlon.com.br.png,38
logos/linexcoloradosprings.com.png,33
logos/renaultbank.es.png,1
logos/nexigroup.com.png,28
logos/intersport.dk.png,1
logos/greatplacetowork.be.png,36
logos/baywa-re.co.kr.png,1
logos/sprachschule-aktiv-passau.de.png,1
logos/aliaxis.be.png,1
logos/globalconnectgroup.com.png,355
logos/spitexbuchs.ch.png,19
logos/berlitz-augsburg.de.png,1
logos/aamcoofgreensboro.com.png,6
logos/medef-mayenne.com.png,37
logos/aliaxis.bg.png,356
logos/murrelektronik.in.png,56
logos/kia-daehn-goeritz.de.png,1
logos/mapfre.com.gt.png,1
logos/europcar.rs.png,275
logos/kiairaqnim.com.png,0
logos/mazda-autohaus-mueller-und-thurnes-tholey.de.png,1
logos/mazda-warszawa-bemomotors.pl.png,1
logos/aamcocovinaca.com.png,3
logos/crif.sk.png,1
logos/gjwnwd.de.png,86
logos/hannainst.hr.png,1
logos/bakertilly.vg.png,1
logos/buydaikin.ro.png,20
logos/aamcopeoria-az.com.png,3
logos/thegoodlobby.fr.png,1
logos/jll.lu.png,1
logos/mersen.com.br.png,1
logos/pmcorp.mx.png,1
logos/whatsonsaudiarabia.com.png,1
logos/spitex-bodensee.ch.png,19
logos/aamcomorganhill.com.png,3
logos/mazda-automobile-weberpals-sonneberg-hoenbach.de.png,1
logos/aamcoantiochca.com.png,6
logos/hondamurcia.com.png,1
logos/aamcooverlandpark.com.png,3
logos/aamcoeastonpa.com.png,6
logos/nordicpharma.fr.png,1
logos/murrelektronik.pl.png,56
logos/cardif.pl.png,1
logos/miniso.com.ec.png,1
logos/mazdaofescondido.com.png,1
logos/toysrus.com.sa.png,161
logos/abc-autoglas.de.png,1
logos/medef-paysdelaloire.fr.png,37
logos/worldvision.co.png,52
logos/getscsadmin.com.png,1
logos/compo-hobby.it.png,152
logos/nestle.hr.png,1
logos/subway-franchise.fr.png,127
logos/renaultcancun.com.mx.png,1
logos/spg-motoren.de.png,269
logos/worldvisionamericalatina.org.png,332
logos/baywa-re.fr.png,1
logos/aamco-omahasouth.com.png,6
logos/ikea.is.png,349
logos/mazda-autohaus-wagner-dortmund.de.png,1
logos/gs1.org.bo.png,1
logos/atalian.lu.png,1
logos/wurth.co.png,1
logos/isover.co.kr.png,47
logos/toyota-indus.com.png,0
logos/eccreditcontrol.com.au.png,1
logos/ibc-solar.it.png,1
logos/culliganlacrosse.com.png,12
logos/mazdafwb.com.png,1
logos/atalian.cz.png,1
logos/tributek.com.png,357
logos/holidayland-bruchkoebel.de.png,63
logos/saint-gobain.com.co.png,112
logos/foxinaboxgoldcoast.com.png,1
logos/polarysgroup.eu.png,1
logos/toyotaploiesti.ro.png,1
logos/ikea.com.hk.png,257
logos/techmatrix-asia.com.png,8
logos/funiber.sn.png,1
logos/ampersand-world.com.png,358
logos/pingusenglish.my.png,1
logos/veoliawatertechnologies.de.png,1
logos/remax.fi.png,1
logos/airbnb.nl.png,17
logos/globalconnectcarrier.com.png,355
logos/asendiausa.com.png,186
logos/mazda-autohaus-schmidt-meschede.de.png,1
logos/culliganwisconsin.com.png,39
logos/aamcodelran.com.png,3
logos/vans.com.au.png,1
logos/infiniti.com.pa.png,0
logos/bestdrive.ie.png,1
logos/bakertillymlt.se.png,1
logos/hondasemarangcenter.com.png,1
logos/europa-union-diepholz.de.png,90
logos/petercem-sensors.com.png,63
logos/sprachschule-aktiv-kaiserslautern.de.png,1
logos/nobleprog.co.th.png,1
logos/pkf.co.uk.png,1
logos/spitex-flawil-degersheim.ch.png,1
logos/rotary7610.org.png,1
logos/richs.co.uk.png,10
logos/entergy-texas.com.png,1
logos/bosch-industrial.com.png,1
logos/greatplacetowork.com.pe.png,10
logos/kumon.com.ar.png,359
logos/shopee.vn.png,1
logos/veoliawatertechnologies.it.png,1
logos/pkf.swiss.png,1
logos/eurofinsfoodtesting.com.png,1
logos/bbraun.com.my.png,203
logos/linak-latinamerica.com.png,1
logos/demeter.at.png,118
logos/cvjm-dettingen.de.png,5
logos/zkteco.com.eg.png,1
logos/chip.pl.png,1
logos/kia-penning-zetelneuenburg.de.jpg,1
logos/indianmotorcycle.com.ar.png,290
logos/mazda-autohaus-gollan-hamm.de.png,1
logos/aamcopennsaukennj.com.png,3
logos/kelloggs.fr.png,10
logos/crocs.pl.png,334
logos/genya.it.png,1
logos/msd-animal-health.co.uk.png,360
logos/flashmed-lb.com.png,361
logos/hyundaicentralsales.com.png,1
logos/freseniusmedicalcare.ca.png,1
logos/aamcowoodstock-mainst.com.png,3
logos/wurth.lv.png,1
logos/aonsolutions.gr.png,325
logos/aamcokcnorth.com.png,6
logos/esseskincare.nl.png,1
logos/wuerth.bg.png,1
logos/tridentseafoods.jp.png,139
logos/medef-ardennes.com.png,1
logos/fmc-symposium.cz.png,0
logos/mazda-autohaus-bolluck-goslar.de.png,1
logos/menicon.es.png,1
logos/culliganslc.com.png,1
logos/aamcochannelviewtx.com.png,3
logos/insize.com.br.png,362
logos/boschtools.com.png,0
logos/svnchicagopm.com.png,1
logos/mateco.nl.png,1
logos/kia-penning-zetelneuenburg.de.png,1
logos/mazda-autohaus-hellwig-hoyerswerda.de.png,1
logos/carlsjr.fr.png,33
logos/aamcomcallen.com.png,3
logos/honda-lille.com.png,1
logos/chubblifefund.com.vn.png,1
logos/hansa-flex.us.png,1
logos/isover.com.br.png,1
logos/servier.it.png,1
logos/axa-assistance.cz.png,11
logos/servier.co.th.png,187
logos/nobleprog.com.ar.png,1
logos/kia-bachmann-wehretal.de.png,1
logos/subaru-bd.com.png,1
logos/hertz.yt.png,43
logos/aamcowestbroward.com.png,6
logos/fleishmanhillard.ph.png,1
logos/aamcostroudsburg.com.png,3
logos/engieservices.us.png,1
logos/sompo-intl.com.png,1
logos/ovb.gr.png,0
logos/culliganmichigan.com.png,39
logos/century21viaplus.be.png,1
logos/aamcovictorvilleca.com.png,6
logos/bauder.fr.png,1
logos/euromaster.cz.png,1
logos/viacon.fi.png,235
logos/spitexrl.ch.png,19
logos/tupperware.it.png,1
logos/santander.com.mx.png,1
logos/lamborghini-cannes.com.png,1
logos/santanderconsumer.se.png,1
logos/hendersonkyedc.com.png,363
logos/nikonclub.fr.png,364
logos/aamco-omahawest.com.png,6
logos/sackit.no.png,1
logos/microbit.nl.png,1
logos/mazda-autohaus-lommel-grettstadt.de.png,1
logos/advantisengineering.com.png,365
logos/invisalign.ch.png,0
logos/kia-maier-cham.de.jpg,1
logos/toyota-ulrichshofer.at.png,0
logos/aamcocollegestationtx.com.png,1
logos/daad-australia.org.png,83
logos/budgetoman.com.png,65
logos/kia-poeschl-bensheim.de.png,1
logos/sealy.co.kr.png,1
logos/kia-maier-cham.de.png,1
logos/benu.lt.png,102
logos/avis.co.mw.png,170
logos/unicharm.co.in.png,1
logos/cdvi.ca.png,1
logos/job-impulse.us.png,1
logos/aamcooklahomacity-northwest.com.png,3
logos/mazda-autohaus-sturne-rochlitz.de.png,1
logos/mazda.ph.png,0
logos/aamcotulsa-brokenarrow.com.png,6
logos/spitexaadorf.ch.png,19
logos/amphenolaudio.com.png,1
logos/daikin-iraq.com.png,1
logos/berlitzph.com.png,1
logos/cinnabon.mx.png,314
logos/medef-dromeardeche.fr.png,37
logos/veka.pt.png,1
logos/synlab.com.ng.png,1
logos/fronticsamerica.com.png,1
logos/toyotacetas.com.tr.png,1
logos/lindt.com.mx.png,366
logos/davesmithfordonline.net.png,125
logos/aamcofrederickmd.com.png,3
logos/kiaofwestchester.com.png,1
logos/altengt.com.png,367
logos/aamcomanchesterct.com.png,6
logos/advocaremorristownpediatrics.com.png,151
logos/gs1.ro.png,1
logos/wuerthmarket.ru.png,1
logos/internationalsos.no.png,1
logos/synlab.hr.png,1
logos/bbraun.fi.png,1
logos/aamconorwalk.com.png,3
logos/benu.ch.png,1
logos/jll.ch.png,1
logos/pefc.dk.png,368
logos/starbucks.com.gr.png,1
logos/aviabienert.de.png,289
logos/altenromania.ro.png,366
logos/servier.si.png,1
logos/veoliawatertech.com.png,1
logos/toyotaborovali.com.tr.png,1
logos/bauder.rs.png,1
logos/bbraun.hu.png,1
logos/culliganquadcities.com.png,32
logos/louisdepoorterestore.com.png,1
logos/lamborghini-frankfurt.com.png,22
logos/mazda-autohaus-doerenkaemper-bad-hersfeld.de.png,1
logos/narscosmetics.co.uk.png,1
logos/spitexzug.ch.png,1
logos/bakertilly.uy.png,1
logos/toyotapasongtamo.com.png,1
logos/lamborghini-berlin.com.png,1
logos/aamcocharlottesville.com.png,3
logos/murrelektronik.com.cn.png,56
logos/arkaybeverages.com.png,369
logos/jetfriorefrigeracao.com.br.png,0
logos/reedglobal.ae.png,55
logos/reedglobal.cz.png,1
logos/murrelektronik.se.png,56
logos/julis-rhein-berg.de.png,370
logos/servier.es.png,187
logos/mazda.gr.png,1
logos/tasuki-holdings.co.jp.png,1
logos/bakertilly.bg.png,1
logos/experian.com.hk.png,1
logos/toysrus.com.ph.png,161
logos/santillana.com.ar.png,1
logos/fmlogistic.com.ua.png,1
logos/linde-gas.fr.png,2
logos/pearsonclinical.co.uk.png,1
logos/bioderma.pl.png,1
logos/mazda-ma.com.png,1
logos/mazda-autohaus-schneider-sondershausen.de.png,1
logos/asendia.at.png,186
logos/avon.co.mu.png,279
logos/topdoctors.cl.png,1
logos/aamcoeastbrunswick.com.png,6
logos/kiaonline.dk.png,0
logos/acuraofwappingersfalls.com.png,371
logos/aamcolexingtonparkmd.com.png,3
logos/amway.ch.png,0
logos/aamcogaithersburgmd.com.png,6
logos/astrazeneca.com.tr.png,1
logos/printsasia.com.png,1
logos/cdvielectronics.com.png,134
logos/aamcofontanaca.com.png,3
logos/toyota.com.np.png,1
logos/toyota.com.mk.png,1
logos/allianz.ma.png,1
logos/toolstationjobs.nl.png,110
logos/aamcoinglewoodca.com.png,3
logos/sofrecogroup.com.png,63
logos/kia-gorny-eislingen.de.png,1
logos/mooresingapore.com.png,1
logos/intersport-martinique-guadeloupe.fr.png,1
logos/aamcowashingtondc.com.png,3
logos/veoliawatertechnologies.es.png,1
logos/kelloggs.gr.png,10
logos/medef-ain.fr.png,37
logos/hansa-flex.co.uk.png,1
logos/bbraun.com.br.png,1
logos/asieris.com.png,1
logos/einhell.rs.png,10
logos/kern-liebers.it.png,1
logos/einhell.pl.png,10
logos/mazdaofmilford.com.png,1
logos/modshair.co.nz.png,188
logos/kia-gorny-eislingen.de.jpg,1
logos/aamcola-culvercity.com.png,3
logos/strabag-pfs.com.png,1
logos/avia.nl.png,1
logos/pkfcs.co.nz.png,1
logos/spitex-regionbirs.ch.png,1
logos/aamcosouthloopautorepair.com.png,3
logos/algeco.cz.png,216
logos/netterden.com.png,1
logos/nexi.gr.png,228
logos/isover.bg.png,1
logos/statkraftvarme.no.png,1
logos/mercyships.dk.png,0
logos/lamborghinimontreal.com.png,372
logos/gs1al.org.png,1
logos/medef-aude.com.png,37
logos/baywa-re.pl.png,1
logos/bonprix.se.png,1
logos/aamconewportnews.com.png,3
logos/aamcopuyallupwa.com.png,3
logos/sonepar.cz.png,78
logos/mapfre.pr.png,42
logos/cfmotobenelux.eu.png,1
logos/aamcolongbeachca.com.png,6
logos/aamcomorrisvillepa.com.png,3
logos/rubiomonocoatusa.com.png,352
logos/aamcospringfieldva.com.png,3
logos/kynixsemiconductor.com.png,1
logos/actemium.ca.png,1
logos/ccusa.sk.png,1
logos/delreg.com.png,1
logos/mazda-automobile-maier-cham.de.png,1
logos/veoliawatertechnologies.fi.png,1
logos/mazdacorpuschristi.com.png,1
logos/aamcocolumbus-clevelandave.com.png,6
logos/lightspeedhq.fr.png,5
logos/medef-franche-comte.com.png,37
logos/mazda-autohaus-tillack-perleberg.de.png,1
logos/cfmoto.com.tr.png,1
logos/mazda-autohaus-moellenkamp-rheine.de.png,1
logos/glamsmile.be.png,1
logos/hansa-flex.com.cn.png,10
logos/meggle-bakery.com.png,0
logos/europa-union-bremen.de.png,90
logos/culliganlasvegas.com.png,39
logos/wurthcanarias.es.png,1
logos/ibc-solar.es.png,1
logos/truemoney.com.vn.png,1
logos/allianz.nl.png,1
logos/aamcosalemor.com.png,3
logos/berlitzhautsdefrance.fr.png,373
logos/menicon.de.png,1
logos/wurth.nl.png,1
logos/grantthornton.az.png,1
logos/aamcosanrafaelca.com.png,3
logos/deheus.com.vn.png,1
logos/metlife.com.uy.png,259
logos/kia-trinkle-schorndorf.de.png,1
logos/kuestarubber.com.png,1
logos/mazda-tarnowskiegory-mirai.pl.png,1
logos/culliganadvantage.com.png,39
logos/intersport-arc2000.com.png,1
logos/toyota-bauer.at.png,0
logos/mazdaofwooster.com.png,1
logos/linde-gas.com.png,2
logos/bbraun.pe.png,1
logos/worldvision.bo.png,52
logos/aamcogastonianc.com.png,6
logos/hertz.com.do.png,1
logos/aamcowintervillenc.com.png,6
logos/andre-media.it.png,1
logos/keytitlegroupsa.com.png,1
logos/cdljatai.com.br.png,1
logos/spitex-wiggertal.ch.png,19
logos/servier.hu.png,187
logos/habitatindiana.org.png,374
logos/mapfre.com.py.png,1
logos/ccusa.com.au.png,1
logos/culligantotalwateriowa.com.png,39
logos/toyotabatangas.com.ph.png,1
logos/nestle.ir.png,1
logos/veolia.cz.png,1
logos/isuzu-vietnam.com.png,5
logos/msd-animal-health.be.png,119
logos/aamcobradenton.com.png,3
logos/dfsk.tn.png,1
logos/sitechdo.com.mx.png,1
logos/dulux.in.png,0
logos/toyotaconstanta.ro.png,1
logos/ford.lviv.ua.png,64
logos/moore.swiss.png,1
logos/edenred.com.ar.png,1
logos/toyotaaykon.com.tr.png,1
logos/aamco-chesapeakeva.com.png,3
logos/cfmotoperu.com.png,1
logos/bonprix-fl.be.png,305
logos/aamcohouston-veteransmemorial.com.png,3
logos/papajohns.ma.png,194
logos/synlab.ec.png,0
logos/invisalign.ae.png,0
logos/future-x.at.png,375
logos/statkraft.com.tr.png,1
logos/cinnabon.ca.png,1
logos/avia-unimot.com.ua.png,5
logos/murrelektronik.fr.png,56
logos/ardex.pl.png,1
logos/nestle.ro.png,1
logos/solatube.no.png,336
logos/furuno.it.png,1
logos/edenredrewards.co.in.png,376
logos/mazda-autohaus-wassing-ahaus-wuellen.de.png,1
logos/aamcoconcord.com.png,3
logos/aamconorthridgeca.com.png,3
logos/moore.es.png,20
logos/adfc-radtourismus.de.png,1
logos/platingsystems.info.png,365
logos/bioderma-india.in.png,1
logos/mazda-autohaus-stiefel-muehlacker.de.png,1
logos/tescomobile.sk.png,1
logos/dulux.pl.png,0
logos/nobleprog.mx.png,1
logos/santander.com.uy.png,1
logos/kia-bandung.com.png,1
logos/culliganuppercumberland.com.png,1
logos/nestle.com.py.png,1
logos/veolia.com.ru.png,5
logos/mazda-autohaus-baumgart-altensteig.de.png,1
logos/mazda-autopark-rath-krefeld.de.png,1
logos/aamcoblog.com.png,3
logos/globalconnect.de.png,99
logos/aamcosurprise.com.png,3
logos/mffshopen.se.png,20
logos/ebay.co.kr.png,377
logos/benu.nl.png,1
logos/nestle.si.png,1
logos/servier.com.br.png,1
logos/gracehomes.us.png,1
logos/veka.hu.jpg,1
logos/goliathgames.es.png,1
logos/culliganphoenix.com.png,12
logos/shahshalalfood.com.png,10
logos/starkeypro.com.au.png,1
logos/europa-union-hessen.de.png,1
logos/pkfcaribbean.com.png,1
logos/synlab.de.png,1
logos/nissanmiddletownny.com.jpg,1
logos/inductothermgroup.com.br.png,49
logos/toyotacavdarli.com.tr.png,1
logos/ardex.dk.png,1
logos/toysrus.com.sg.png,378
logos/protectourwinters.de.png,1
logos/axa-assistance.ma.png,84
logos/pirtek.be.png,0
logos/veka.hu.png,1
logos/rotaryclubmedellin.org.png,82
logos/astrazeneca.ca.png,1
logos/logmaxbr.com.br.png,1
logos/pearson.com.cn.png,1
logos/aamcowoodbridgeva.com.png,3
logos/meggle.co.jp.png,0
logos/duracell.it.png,1
logos/enefitvolt.com.png,379
logos/nissanmiddletownny.com.png,1
logos/mazda-warszawa-auto2000.pl.png,1
logos/savethechildren.org.au.png,1
logos/servier.co.uk.png,1
logos/bbraun.ro.png,1
logos/europa-union-sachsen-anhalt.de.png,90
logos/subway.com.my.png,127
logos/aamcorandallstownmd.com.png,3
logos/desjoyauxgh.com.png,380
logos/airbnb.com.br.png,120
logos/atalian.nl.png,381
logos/europa-union-niedersachsen.de.png,90
logos/bakertilly.ng.png,1
logos/kiaofstcatharines.com.png,1
logos/bakertilly-ca.com.png,1
logos/ebay.com.tw.png,229
logos/pragroup.fi.png,41
logos/sprachschule-aktiv.de.png,1
logos/planncosteels.com.png,280
logos/stanbicbank.co.ke.png,382
logos/honda-strasbourg.com.png,1
logos/spitex-appenzellerland.ch.png,19
logos/toyota-chartres.fr.png,1
logos/amway.at.png,0
logos/toyota-saint-victoret.com.png,1
logos/kia-jaeger-bevern.de.jpg,1
logos/nestle.co.kr.png,1
logos/toyotakuzen.com.tr.png,1
logos/kia-christ-ansbach.de.png,1
logos/stora-drain.be.png,1
logos/papajohns.com.tr.png,194
logos/berlitzmanchester.com.png,1
logos/metagenics.co.jp.png,1
logos/kia-hotz-gardelegen.de.png,1
logos/medef-corse.com.png,37
logos/hyundai.ge.png,1
logos/annotext.de.png,1
logos/plameco-hannover.de.png,383
logos/glintinc.com.png,110
logos/avia.ch.png,1
logos/wuerth.com.hr.png,1
logos/grantthornton.tn.png,1
logos/mtn.co.rw.png,43
logos/shimadzu.com.cn.png,384
logos/krugerkaldnes.no.png,1
logos/mitsubishielevator.co.kr.png,1
logos/kia-hotz-gardelegen.de.jpg,1
logos/airbnb.cz.png,17
logos/toyotasarar.com.tr.png,1
logos/zhcpa.cn.png,1
logos/toyotaelpa.com.tr.png,1
logos/daikin.mk.png,1
logos/sonepar.co.png,0
logos/pkfboston.com.png,1
logos/isover.be.png,1
logos/adra.ca.png,141
logos/renault.jo.png,1
logos/eftech-international.com.png,1
logos/experian.in.png,1
logos/kia-jaeger-bevern.de.png,1
logos/metlife.com.bd.png,1
logos/budatec.de.png,1
logos/repsol.com.mx.png,1
logos/mazda-autohaus-schmidt-oschatz.de.png,1
logos/airbnb.cl.png,17
logos/toyotaoztoprakhatay.com.tr.png,1
logos/kia-levy-wittenberg.de.png,1
logos/honda-bordeaux.com.png,1
logos/jdm.com.pe.png,1
logos/heliosstrategia.pl.png,1
logos/honda-melun.com.png,1
logos/decathlon-karriere.de.png,27
logos/aamcokellertx.com.png,6
logos/kumon.com.bo.png,1
logos/ccusa.co.uk.png,1
logos/manpowergroup.no.png,1
logos/culliganbetterwater.com.png,1
logos/duracleanmaine.com.png,1
logos/manpowergroup.ch.png,1
logos/wuerth.com.kh.png,1
logos/bellaplanta.de.png,385
logos/honda-nig.com.png,1
logos/vans.com.ar.png,1
logos/monster.be.png,116
logos/mazda-wroclaw-wrobel.pl.png,1
logos/lueck-gruppe.de.png,1
logos/linak.es.png,1
logos/gulfoil.co.uk.png,1
logos/einhell.dk.png,10
logos/aamcotemeculaca.com.png,6
logos/top1toysbleijenberg.nl.png,386
logos/spp.cz.png,43
logos/kiaofmuncie.com.png,1
logos/metlife.cl.png,1
logos/ymcaswv.com.png,83
logos/ealang.com.cn.png,1
logos/wurthsaudi.com.png,1
logos/chicco.com.mx.png,9
logos/vkf-renzel.bg.png,1
logos/wuerth.my.png,1
logos/aamcocapistranobeachca.com.png,6
logos/culliganlemars.com.png,39
logos/ikea.com.do.png,1
logos/spitex-region-zofingen.ch.png,19
logos/ikea.co.id.png,1
logos/mazda-autohaus-kramer-kirchberg.de.png,1
logos/toyota-rambouillet.fr.png,0
logos/culliganwaterburlington.com.png,32
logos/mapfre.com.sv.png,307
logos/securitas24.de.png,0
logos/experian.co.nz.png,1
logos/allianz-genc.de.png,1
logos/carlsjr.com.sg.png,123
logos/santillana.com.co.png,1
logos/husse.hu.png,387
logos/affidea.ch.png,1
logos/mazda-autohaus-wedding-engelskirchen-albertsth.de.png,1
logos/culliganwaternebraska.com.png,12
logos/lidl-ni.co.uk.png,104
logos/murrelektronik.com.tr.png,56
logos/bigfootdigital.co.uk.png,1
logos/svnefird.com.png,0
logos/nestle.fi.png,1
logos/ymcaup.org.png,1
logos/bimeda.ie.png,1
logos/allianz-handwerker.de.png,1
logos/veolia.cn.png,5
logos/murrelektronik.sg.png,56
logos/repsol.in.ua.png,236
logos/subaru.com.np.png,1
logos/engie.co.uk.png,67
logos/einhell.co.uk.png,10
logos/ardex-france.fr.png,1
logos/lindt.de.png,1
logos/baywa-re.com.au.png,1
logos/wwfcz.org.png,1
logos/servier.sk.png,1
logos/kiaofoldsaybrook.com.png,1
logos/culliganh2o.com.png,1
logos/pkfuae.com.png,388
logos/jll.nz.png,1
logos/salvationarmy.org.sg.png,197
logos/mycabin.ie.png,1
logos/nutricia.be.png,0
logos/medef-pays-basque.fr.png,37
logos/subaru.mt.png,1
logos/elderhouseadc.com.png,84
logos/promstahl.de.png,1
logos/cvjm-muenchberg.de.png,1
logos/rinnai.com.tw.png,300
logos/veolia.com.sg.png,1
logos/aamcoerlanger.com.png,3
logos/aamcostatenisland.com.png,3
logos/culligantotalwaterbaraboo.com.png,39
